項目,年齢階級,時期,値,単位
年間収入,29歳以下,2002000103,467,万円
年間収入,29歳以下,2002000406,477,万円
年間収入,29歳以下,2002000709,462,万円
年間収入,29歳以下,2002001012,456,万円
年間収入,29歳以下,2003000103,447,万円
年間収入,29歳以下,2003000406,452,万円
年間収入,29歳以下,2003000709,464,万円
年間収入,29歳以下,2003001012,453,万円
年間収入,29歳以下,2004000103,457,万円
年間収入,29歳以下,2004000406,455,万円
年間収入,29歳以下,2004000709,457,万円
年間収入,29歳以下,2004001012,460,万円
年間収入,29歳以下,2005000103,480,万円
年間収入,29歳以下,2005000406,461,万円
年間収入,29歳以下,2005000709,445,万円
年間収入,29歳以下,2005001012,466,万円
年間収入,29歳以下,2006000103,445,万円
年間収入,29歳以下,2006000406,433,万円
年間収入,29歳以下,2006000709,424,万円
年間収入,29歳以下,2006001012,418,万円
年間収入,29歳以下,2007000103,475,万円
年間収入,29歳以下,2007000406,505,万円
年間収入,29歳以下,2007000709,477,万円
年間収入,29歳以下,2007001012,447,万円
年間収入,29歳以下,2008000103,449,万円
年間収入,29歳以下,2008000406,454,万円
年間収入,29歳以下,2008000709,449,万円
年間収入,29歳以下,2008001012,459,万円
年間収入,29歳以下,2009000103,468,万円
年間収入,29歳以下,2009000406,462,万円
年間収入,29歳以下,2009000709,451,万円
年間収入,29歳以下,2009001012,456,万円
年間収入,29歳以下,2010000103,494,万円
年間収入,29歳以下,2010000406,463,万円
年間収入,29歳以下,2010000709,419,万円
年間収入,29歳以下,2010001012,438,万円
年間収入,29歳以下,2011000103,456,万円
年間収入,29歳以下,2011000406,439,万円
年間収入,29歳以下,2011000709,438,万円
年間収入,29歳以下,2011001012,441,万円
年間収入,29歳以下,2012000103,444,万円
年間収入,29歳以下,2012000406,446,万円
年間収入,29歳以下,2012000709,446,万円
年間収入,29歳以下,2012001012,431,万円
年間収入,29歳以下,2013000103,467,万円
年間収入,29歳以下,2013000406,483,万円
年間収入,29歳以下,2013000709,458,万円
年間収入,29歳以下,2013001012,450,万円
年間収入,29歳以下,2014000103,431,万円
年間収入,29歳以下,2014000406,451,万円
年間収入,29歳以下,2014000709,466,万円
年間収入,29歳以下,2014001012,473,万円
年間収入,29歳以下,2015000103,477,万円
年間収入,29歳以下,2015000406,489,万円
年間収入,29歳以下,2015000709,504,万円
年間収入,29歳以下,2015001012,451,万円
年間収入,29歳以下,2016000103,450,万円
年間収入,29歳以下,2016000406,491,万円
年間収入,29歳以下,2016000709,513,万円
年間収入,29歳以下,2016001012,495,万円
年間収入,29歳以下,2017000103,517,万円
年間収入,29歳以下,2017000406,509,万円
年間収入,29歳以下,2017000709,503,万円
年間収入,29歳以下,2017001012,511,万円
年間収入,29歳以下,2018000103,548,万円
年間収入,29歳以下,2018000406,548,万円
年間収入,29歳以下,2018000709,511,万円
年間収入,29歳以下,2018001012,517,万円
年間収入,29歳以下,2019000103,496,万円
年間収入,29歳以下,2019000406,489,万円
年間収入,29歳以下,2019000709,506,万円
年間収入,29歳以下,2019001012,508,万円
年間収入,29歳以下,2020000103,547,万円
年間収入,29歳以下,2020000406,570,万円
年間収入,29歳以下,2020000709,546,万円
年間収入,29歳以下,2020001012,595,万円
年間収入,29歳以下,2021000103,641,万円
年間収入,29歳以下,2021000406,591,万円
年間収入,29歳以下,2021000709,575,万円
年間収入,29歳以下,2021001012,568,万円
年間収入,29歳以下,2022000103,578,万円
年間収入,29歳以下,2022000406,568,万円
年間収入,29歳以下,2022000709,542,万円
年間収入,29歳以下,2022001012,601,万円
年間収入,29歳以下,2023000103,653,万円
年間収入,29歳以下,2023000406,574,万円
年間収入,29歳以下,2023000709,560,万円
年間収入,29歳以下,2023001012,658,万円
年間収入,29歳以下,2024000103,694,万円
年間収入,29歳以下,2024000406,739,万円
年間収入,29歳以下,2024000709,786,万円
年間収入,29歳以下,2024001012,697,万円
年間収入,29歳以下,2025000103,611,万円
年間収入,29歳以下,2025000406,605,万円
年間収入,29歳以下,2025000709,637,万円
年間収入,29歳以下,2025001012,667,万円
年間収入,30～39歳,2002000103,619,万円
年間収入,30～39歳,2002000406,631,万円
年間収入,30～39歳,2002000709,635,万円
年間収入,30～39歳,2002001012,620,万円
年間収入,30～39歳,2003000103,603,万円
年間収入,30～39歳,2003000406,601,万円
年間収入,30～39歳,2003000709,608,万円
年間収入,30～39歳,2003001012,614,万円
年間収入,30～39歳,2004000103,613,万円
年間収入,30～39歳,2004000406,604,万円
年間収入,30～39歳,2004000709,595,万円
年間収入,30～39歳,2004001012,593,万円
年間収入,30～39歳,2005000103,592,万円
年間収入,30～39歳,2005000406,603,万円
年間収入,30～39歳,2005000709,605,万円
年間収入,30～39歳,2005001012,586,万円
年間収入,30～39歳,2006000103,583,万円
年間収入,30～39歳,2006000406,584,万円
年間収入,30～39歳,2006000709,593,万円
年間収入,30～39歳,2006001012,601,万円
年間収入,30～39歳,2007000103,589,万円
年間収入,30～39歳,2007000406,583,万円
年間収入,30～39歳,2007000709,594,万円
年間収入,30～39歳,2007001012,592,万円
年間収入,30～39歳,2008000103,576,万円
年間収入,30～39歳,2008000406,595,万円
年間収入,30～39歳,2008000709,598,万円
年間収入,30～39歳,2008001012,586,万円
年間収入,30～39歳,2009000103,592,万円
年間収入,30～39歳,2009000406,589,万円
年間収入,30～39歳,2009000709,580,万円
年間収入,30～39歳,2009001012,575,万円
年間収入,30～39歳,2010000103,578,万円
年間収入,30～39歳,2010000406,561,万円
年間収入,30～39歳,2010000709,572,万円
年間収入,30～39歳,2010001012,582,万円
年間収入,30～39歳,2011000103,575,万円
年間収入,30～39歳,2011000406,568,万円
年間収入,30～39歳,2011000709,573,万円
年間収入,30～39歳,2011001012,565,万円
年間収入,30～39歳,2012000103,571,万円
年間収入,30～39歳,2012000406,566,万円
年間収入,30～39歳,2012000709,561,万円
年間収入,30～39歳,2012001012,569,万円
年間収入,30～39歳,2013000103,581,万円
年間収入,30～39歳,2013000406,585,万円
年間収入,30～39歳,2013000709,597,万円
年間収入,30～39歳,2013001012,596,万円
年間収入,30～39歳,2014000103,598,万円
年間収入,30～39歳,2014000406,595,万円
年間収入,30～39歳,2014000709,593,万円
年間収入,30～39歳,2014001012,605,万円
年間収入,30～39歳,2015000103,619,万円
年間収入,30～39歳,2015000406,617,万円
年間収入,30～39歳,2015000709,598,万円
年間収入,30～39歳,2015001012,622,万円
年間収入,30～39歳,2016000103,636,万円
年間収入,30～39歳,2016000406,641,万円
年間収入,30～39歳,2016000709,631,万円
年間収入,30～39歳,2016001012,619,万円
年間収入,30～39歳,2017000103,611,万円
年間収入,30～39歳,2017000406,607,万円
年間収入,30～39歳,2017000709,615,万円
年間収入,30～39歳,2017001012,616,万円
年間収入,30～39歳,2018000103,617,万円
年間収入,30～39歳,2018000406,635,万円
年間収入,30～39歳,2018000709,631,万円
年間収入,30～39歳,2018001012,646,万円
年間収入,30～39歳,2019000103,658,万円
年間収入,30～39歳,2019000406,652,万円
年間収入,30～39歳,2019000709,643,万円
年間収入,30～39歳,2019001012,652,万円
年間収入,30～39歳,2020000103,672,万円
年間収入,30～39歳,2020000406,665,万円
年間収入,30～39歳,2020000709,682,万円
年間収入,30～39歳,2020001012,683,万円
年間収入,30～39歳,2021000103,671,万円
年間収入,30～39歳,2021000406,651,万円
年間収入,30～39歳,2021000709,649,万円
年間収入,30～39歳,2021001012,671,万円
年間収入,30～39歳,2022000103,661,万円
年間収入,30～39歳,2022000406,685,万円
年間収入,30～39歳,2022000709,720,万円
年間収入,30～39歳,2022001012,715,万円
年間収入,30～39歳,2023000103,710,万円
年間収入,30～39歳,2023000406,690,万円
年間収入,30～39歳,2023000709,685,万円
年間収入,30～39歳,2023001012,691,万円
年間収入,30～39歳,2024000103,707,万円
年間収入,30～39歳,2024000406,723,万円
年間収入,30～39歳,2024000709,756,万円
年間収入,30～39歳,2024001012,749,万円
年間収入,30～39歳,2025000103,770,万円
年間収入,30～39歳,2025000406,777,万円
年間収入,30～39歳,2025000709,778,万円
年間収入,30～39歳,2025001012,820,万円
年間収入,40～49歳,2002000103,762,万円
年間収入,40～49歳,2002000406,772,万円
年間収入,40～49歳,2002000709,772,万円
年間収入,40～49歳,2002001012,780,万円
年間収入,40～49歳,2003000103,784,万円
年間収入,40～49歳,2003000406,760,万円
年間収入,40～49歳,2003000709,753,万円
年間収入,40～49歳,2003001012,757,万円
年間収入,40～49歳,2004000103,762,万円
年間収入,40～49歳,2004000406,783,万円
年間収入,40～49歳,2004000709,765,万円
年間収入,40～49歳,2004001012,760,万円
年間収入,40～49歳,2005000103,775,万円
年間収入,40～49歳,2005000406,770,万円
年間収入,40～49歳,2005000709,745,万円
年間収入,40～49歳,2005001012,739,万円
年間収入,40～49歳,2006000103,757,万円
年間収入,40～49歳,2006000406,769,万円
年間収入,40～49歳,2006000709,776,万円
年間収入,40～49歳,2006001012,775,万円
年間収入,40～49歳,2007000103,770,万円
年間収入,40～49歳,2007000406,784,万円
年間収入,40～49歳,2007000709,763,万円
年間収入,40～49歳,2007001012,735,万円
年間収入,40～49歳,2008000103,754,万円
年間収入,40～49歳,2008000406,772,万円
年間収入,40～49歳,2008000709,770,万円
年間収入,40～49歳,2008001012,768,万円
年間収入,40～49歳,2009000103,761,万円
年間収入,40～49歳,2009000406,769,万円
年間収入,40～49歳,2009000709,735,万円
年間収入,40～49歳,2009001012,717,万円
年間収入,40～49歳,2010000103,730,万円
年間収入,40～49歳,2010000406,738,万円
年間収入,40～49歳,2010000709,725,万円
年間収入,40～49歳,2010001012,716,万円
年間収入,40～49歳,2011000103,720,万円
年間収入,40～49歳,2011000406,728,万円
年間収入,40～49歳,2011000709,739,万円
年間収入,40～49歳,2011001012,735,万円
年間収入,40～49歳,2012000103,726,万円
年間収入,40～49歳,2012000406,715,万円
年間収入,40～49歳,2012000709,702,万円
年間収入,40～49歳,2012001012,709,万円
年間収入,40～49歳,2013000103,730,万円
年間収入,40～49歳,2013000406,742,万円
年間収入,40～49歳,2013000709,750,万円
年間収入,40～49歳,2013001012,753,万円
年間収入,40～49歳,2014000103,747,万円
年間収入,40～49歳,2014000406,734,万円
年間収入,40～49歳,2014000709,714,万円
年間収入,40～49歳,2014001012,722,万円
年間収入,40～49歳,2015000103,726,万円
年間収入,40～49歳,2015000406,741,万円
年間収入,40～49歳,2015000709,742,万円
年間収入,40～49歳,2015001012,728,万円
年間収入,40～49歳,2016000103,730,万円
年間収入,40～49歳,2016000406,738,万円
年間収入,40～49歳,2016000709,727,万円
年間収入,40～49歳,2016001012,737,万円
年間収入,40～49歳,2017000103,746,万円
年間収入,40～49歳,2017000406,746,万円
年間収入,40～49歳,2017000709,772,万円
年間収入,40～49歳,2017001012,785,万円
年間収入,40～49歳,2018000103,776,万円
年間収入,40～49歳,2018000406,755,万円
年間収入,40～49歳,2018000709,747,万円
年間収入,40～49歳,2018001012,748,万円
年間収入,40～49歳,2019000103,757,万円
年間収入,40～49歳,2019000406,771,万円
年間収入,40～49歳,2019000709,764,万円
年間収入,40～49歳,2019001012,774,万円
年間収入,40～49歳,2020000103,793,万円
年間収入,40～49歳,2020000406,799,万円
年間収入,40～49歳,2020000709,784,万円
年間収入,40～49歳,2020001012,767,万円
年間収入,40～49歳,2021000103,754,万円
年間収入,40～49歳,2021000406,766,万円
年間収入,40～49歳,2021000709,766,万円
年間収入,40～49歳,2021001012,758,万円
年間収入,40～49歳,2022000103,772,万円
年間収入,40～49歳,2022000406,787,万円
年間収入,40～49歳,2022000709,799,万円
年間収入,40～49歳,2022001012,794,万円
年間収入,40～49歳,2023000103,796,万円
年間収入,40～49歳,2023000406,793,万円
年間収入,40～49歳,2023000709,812,万円
年間収入,40～49歳,2023001012,801,万円
年間収入,40～49歳,2024000103,823,万円
年間収入,40～49歳,2024000406,848,万円
年間収入,40～49歳,2024000709,835,万円
年間収入,40～49歳,2024001012,836,万円
年間収入,40～49歳,2025000103,855,万円
年間収入,40～49歳,2025000406,873,万円
年間収入,40～49歳,2025000709,880,万円
年間収入,40～49歳,2025001012,876,万円
年間収入,50～59歳,2002000103,865,万円
年間収入,50～59歳,2002000406,887,万円
年間収入,50～59歳,2002000709,860,万円
年間収入,50～59歳,2002001012,838,万円
年間収入,50～59歳,2003000103,826,万円
年間収入,50～59歳,2003000406,839,万円
年間収入,50～59歳,2003000709,838,万円
年間収入,50～59歳,2003001012,822,万円
年間収入,50～59歳,2004000103,825,万円
年間収入,50～59歳,2004000406,824,万円
年間収入,50～59歳,2004000709,814,万円
年間収入,50～59歳,2004001012,804,万円
年間収入,50～59歳,2005000103,810,万円
年間収入,50～59歳,2005000406,830,万円
年間収入,50～59歳,2005000709,819,万円
年間収入,50～59歳,2005001012,798,万円
年間収入,50～59歳,2006000103,814,万円
年間収入,50～59歳,2006000406,824,万円
年間収入,50～59歳,2006000709,810,万円
年間収入,50～59歳,2006001012,811,万円
年間収入,50～59歳,2007000103,825,万円
年間収入,50～59歳,2007000406,831,万円
年間収入,50～59歳,2007000709,842,万円
年間収入,50～59歳,2007001012,844,万円
年間収入,50～59歳,2008000103,844,万円
年間収入,50～59歳,2008000406,825,万円
年間収入,50～59歳,2008000709,824,万円
年間収入,50～59歳,2008001012,803,万円
年間収入,50～59歳,2009000103,797,万円
年間収入,50～59歳,2009000406,825,万円
年間収入,50～59歳,2009000709,829,万円
年間収入,50～59歳,2009001012,816,万円
年間収入,50～59歳,2010000103,801,万円
年間収入,50～59歳,2010000406,795,万円
年間収入,50～59歳,2010000709,804,万円
年間収入,50～59歳,2010001012,783,万円
年間収入,50～59歳,2011000103,762,万円
年間収入,50～59歳,2011000406,785,万円
年間収入,50～59歳,2011000709,811,万円
年間収入,50～59歳,2011001012,814,万円
年間収入,50～59歳,2012000103,817,万円
年間収入,50～59歳,2012000406,829,万円
年間収入,50～59歳,2012000709,816,万円
年間収入,50～59歳,2012001012,803,万円
年間収入,50～59歳,2013000103,809,万円
年間収入,50～59歳,2013000406,803,万円
年間収入,50～59歳,2013000709,808,万円
年間収入,50～59歳,2013001012,802,万円
年間収入,50～59歳,2014000103,817,万円
年間収入,50～59歳,2014000406,814,万円
年間収入,50～59歳,2014000709,805,万円
年間収入,50～59歳,2014001012,841,万円
年間収入,50～59歳,2015000103,846,万円
年間収入,50～59歳,2015000406,813,万円
年間収入,50～59歳,2015000709,815,万円
年間収入,50～59歳,2015001012,815,万円
年間収入,50～59歳,2016000103,856,万円
年間収入,50～59歳,2016000406,853,万円
年間収入,50～59歳,2016000709,831,万円
年間収入,50～59歳,2016001012,844,万円
年間収入,50～59歳,2017000103,837,万円
年間収入,50～59歳,2017000406,831,万円
年間収入,50～59歳,2017000709,844,万円
年間収入,50～59歳,2017001012,851,万円
年間収入,50～59歳,2018000103,845,万円
年間収入,50～59歳,2018000406,868,万円
年間収入,50～59歳,2018000709,870,万円
年間収入,50～59歳,2018001012,859,万円
年間収入,50～59歳,2019000103,851,万円
年間収入,50～59歳,2019000406,855,万円
年間収入,50～59歳,2019000709,864,万円
年間収入,50～59歳,2019001012,838,万円
年間収入,50～59歳,2020000103,854,万円
年間収入,50～59歳,2020000406,885,万円
年間収入,50～59歳,2020000709,870,万円
年間収入,50～59歳,2020001012,867,万円
年間収入,50～59歳,2021000103,862,万円
年間収入,50～59歳,2021000406,887,万円
年間収入,50～59歳,2021000709,898,万円
年間収入,50～59歳,2021001012,849,万円
年間収入,50～59歳,2022000103,852,万円
年間収入,50～59歳,2022000406,873,万円
年間収入,50～59歳,2022000709,883,万円
年間収入,50～59歳,2022001012,863,万円
年間収入,50～59歳,2023000103,864,万円
年間収入,50～59歳,2023000406,877,万円
年間収入,50～59歳,2023000709,873,万円
年間収入,50～59歳,2023001012,871,万円
年間収入,50～59歳,2024000103,887,万円
年間収入,50～59歳,2024000406,861,万円
年間収入,50～59歳,2024000709,866,万円
年間収入,50～59歳,2024001012,897,万円
年間収入,50～59歳,2025000103,903,万円
年間収入,50～59歳,2025000406,901,万円
年間収入,50～59歳,2025000709,901,万円
年間収入,50～59歳,2025001012,914,万円
年間収入,60～69歳,2002000103,596,万円
年間収入,60～69歳,2002000406,593,万円
年間収入,60～69歳,2002000709,597,万円
年間収入,60～69歳,2002001012,613,万円
年間収入,60～69歳,2003000103,587,万円
年間収入,60～69歳,2003000406,578,万円
年間収入,60～69歳,2003000709,583,万円
年間収入,60～69歳,2003001012,574,万円
年間収入,60～69歳,2004000103,579,万円
年間収入,60～69歳,2004000406,567,万円
年間収入,60～69歳,2004000709,555,万円
年間収入,60～69歳,2004001012,557,万円
年間収入,60～69歳,2005000103,561,万円
年間収入,60～69歳,2005000406,554,万円
年間収入,60～69歳,2005000709,552,万円
年間収入,60～69歳,2005001012,565,万円
年間収入,60～69歳,2006000103,565,万円
年間収入,60～69歳,2006000406,573,万円
年間収入,60～69歳,2006000709,581,万円
年間収入,60～69歳,2006001012,569,万円
年間収入,60～69歳,2007000103,562,万円
年間収入,60～69歳,2007000406,595,万円
年間収入,60～69歳,2007000709,600,万円
年間収入,60～69歳,2007001012,584,万円
年間収入,60～69歳,2008000103,561,万円
年間収入,60～69歳,2008000406,560,万円
年間収入,60～69歳,2008000709,563,万円
年間収入,60～69歳,2008001012,574,万円
年間収入,60～69歳,2009000103,561,万円
年間収入,60～69歳,2009000406,555,万円
年間収入,60～69歳,2009000709,568,万円
年間収入,60～69歳,2009001012,580,万円
年間収入,60～69歳,2010000103,580,万円
年間収入,60～69歳,2010000406,564,万円
年間収入,60～69歳,2010000709,551,万円
年間収入,60～69歳,2010001012,555,万円
年間収入,60～69歳,2011000103,573,万円
年間収入,60～69歳,2011000406,554,万円
年間収入,60～69歳,2011000709,546,万円
年間収入,60～69歳,2011001012,565,万円
年間収入,60～69歳,2012000103,561,万円
年間収入,60～69歳,2012000406,562,万円
年間収入,60～69歳,2012000709,561,万円
年間収入,60～69歳,2012001012,548,万円
年間収入,60～69歳,2013000103,551,万円
年間収入,60～69歳,2013000406,584,万円
年間収入,60～69歳,2013000709,589,万円
年間収入,60～69歳,2013001012,583,万円
年間収入,60～69歳,2014000103,580,万円
年間収入,60～69歳,2014000406,568,万円
年間収入,60～69歳,2014000709,558,万円
年間収入,60～69歳,2014001012,569,万円
年間収入,60～69歳,2015000103,578,万円
年間収入,60～69歳,2015000406,570,万円
年間収入,60～69歳,2015000709,572,万円
年間収入,60～69歳,2015001012,572,万円
年間収入,60～69歳,2016000103,563,万円
年間収入,60～69歳,2016000406,574,万円
年間収入,60～69歳,2016000709,563,万円
年間収入,60～69歳,2016001012,555,万円
年間収入,60～69歳,2017000103,552,万円
年間収入,60～69歳,2017000406,573,万円
年間収入,60～69歳,2017000709,599,万円
年間収入,60～69歳,2017001012,603,万円
年間収入,60～69歳,2018000103,587,万円
年間収入,60～69歳,2018000406,570,万円
年間収入,60～69歳,2018000709,558,万円
年間収入,60～69歳,2018001012,562,万円
年間収入,60～69歳,2019000103,588,万円
年間収入,60～69歳,2019000406,597,万円
年間収入,60～69歳,2019000709,591,万円
年間収入,60～69歳,2019001012,586,万円
年間収入,60～69歳,2020000103,578,万円
年間収入,60～69歳,2020000406,594,万円
年間収入,60～69歳,2020000709,591,万円
年間収入,60～69歳,2020001012,604,万円
年間収入,60～69歳,2021000103,624,万円
年間収入,60～69歳,2021000406,606,万円
年間収入,60～69歳,2021000709,609,万円
年間収入,60～69歳,2021001012,599,万円
年間収入,60～69歳,2022000103,605,万円
年間収入,60～69歳,2022000406,611,万円
年間収入,60～69歳,2022000709,608,万円
年間収入,60～69歳,2022001012,605,万円
年間収入,60～69歳,2023000103,619,万円
年間収入,60～69歳,2023000406,615,万円
年間収入,60～69歳,2023000709,608,万円
年間収入,60～69歳,2023001012,603,万円
年間収入,60～69歳,2024000103,609,万円
年間収入,60～69歳,2024000406,599,万円
年間収入,60～69歳,2024000709,611,万円
年間収入,60～69歳,2024001012,630,万円
年間収入,60～69歳,2025000103,629,万円
年間収入,60～69歳,2025000406,654,万円
年間収入,60～69歳,2025000709,663,万円
年間収入,60～69歳,2025001012,638,万円
年間収入,70歳以上,2002000103,506,万円
年間収入,70歳以上,2002000406,515,万円
年間収入,70歳以上,2002000709,520,万円
年間収入,70歳以上,2002001012,494,万円
年間収入,70歳以上,2003000103,499,万円
年間収入,70歳以上,2003000406,494,万円
年間収入,70歳以上,2003000709,477,万円
年間収入,70歳以上,2003001012,465,万円
年間収入,70歳以上,2004000103,468,万円
年間収入,70歳以上,2004000406,464,万円
年間収入,70歳以上,2004000709,464,万円
年間収入,70歳以上,2004001012,474,万円
年間収入,70歳以上,2005000103,497,万円
年間収入,70歳以上,2005000406,502,万円
年間収入,70歳以上,2005000709,466,万円
年間収入,70歳以上,2005001012,453,万円
年間収入,70歳以上,2006000103,482,万円
年間収入,70歳以上,2006000406,493,万円
年間収入,70歳以上,2006000709,475,万円
年間収入,70歳以上,2006001012,451,万円
年間収入,70歳以上,2007000103,462,万円
年間収入,70歳以上,2007000406,479,万円
年間収入,70歳以上,2007000709,471,万円
年間収入,70歳以上,2007001012,452,万円
年間収入,70歳以上,2008000103,453,万円
年間収入,70歳以上,2008000406,466,万円
年間収入,70歳以上,2008000709,468,万円
年間収入,70歳以上,2008001012,437,万円
年間収入,70歳以上,2009000103,452,万円
年間収入,70歳以上,2009000406,464,万円
年間収入,70歳以上,2009000709,463,万円
年間収入,70歳以上,2009001012,462,万円
年間収入,70歳以上,2010000103,459,万円
年間収入,70歳以上,2010000406,464,万円
年間収入,70歳以上,2010000709,449,万円
年間収入,70歳以上,2010001012,452,万円
年間収入,70歳以上,2011000103,470,万円
年間収入,70歳以上,2011000406,466,万円
年間収入,70歳以上,2011000709,469,万円
年間収入,70歳以上,2011001012,459,万円
年間収入,70歳以上,2012000103,460,万円
年間収入,70歳以上,2012000406,452,万円
年間収入,70歳以上,2012000709,443,万円
年間収入,70歳以上,2012001012,446,万円
年間収入,70歳以上,2013000103,450,万円
年間収入,70歳以上,2013000406,439,万円
年間収入,70歳以上,2013000709,442,万円
年間収入,70歳以上,2013001012,450,万円
年間収入,70歳以上,2014000103,458,万円
年間収入,70歳以上,2014000406,458,万円
年間収入,70歳以上,2014000709,457,万円
年間収入,70歳以上,2014001012,456,万円
年間収入,70歳以上,2015000103,448,万円
年間収入,70歳以上,2015000406,454,万円
年間収入,70歳以上,2015000709,456,万円
年間収入,70歳以上,2015001012,437,万円
年間収入,70歳以上,2016000103,437,万円
年間収入,70歳以上,2016000406,452,万円
年間収入,70歳以上,2016000709,443,万円
年間収入,70歳以上,2016001012,434,万円
年間収入,70歳以上,2017000103,444,万円
年間収入,70歳以上,2017000406,445,万円
年間収入,70歳以上,2017000709,430,万円
年間収入,70歳以上,2017001012,423,万円
年間収入,70歳以上,2018000103,420,万円
年間収入,70歳以上,2018000406,423,万円
年間収入,70歳以上,2018000709,422,万円
年間収入,70歳以上,2018001012,421,万円
年間収入,70歳以上,2019000103,418,万円
年間収入,70歳以上,2019000406,433,万円
年間収入,70歳以上,2019000709,446,万円
年間収入,70歳以上,2019001012,443,万円
年間収入,70歳以上,2020000103,439,万円
年間収入,70歳以上,2020000406,439,万円
年間収入,70歳以上,2020000709,441,万円
年間収入,70歳以上,2020001012,444,万円
年間収入,70歳以上,2021000103,436,万円
年間収入,70歳以上,2021000406,433,万円
年間収入,70歳以上,2021000709,421,万円
年間収入,70歳以上,2021001012,415,万円
年間収入,70歳以上,2022000103,414,万円
年間収入,70歳以上,2022000406,419,万円
年間収入,70歳以上,2022000709,435,万円
年間収入,70歳以上,2022001012,432,万円
年間収入,70歳以上,2023000103,424,万円
年間収入,70歳以上,2023000406,425,万円
年間収入,70歳以上,2023000709,425,万円
年間収入,70歳以上,2023001012,417,万円
年間収入,70歳以上,2024000103,416,万円
年間収入,70歳以上,2024000406,421,万円
年間収入,70歳以上,2024000709,434,万円
年間収入,70歳以上,2024001012,439,万円
年間収入,70歳以上,2025000103,442,万円
年間収入,70歳以上,2025000406,441,万円
年間収入,70歳以上,2025000709,444,万円
年間収入,70歳以上,2025001012,441,万円
貯蓄,29歳以下,2002000103,344,万円
貯蓄,29歳以下,2002000406,392,万円
貯蓄,29歳以下,2002000709,395,万円
貯蓄,29歳以下,2002001012,335,万円
貯蓄,29歳以下,2003000103,304,万円
貯蓄,29歳以下,2003000406,303,万円
貯蓄,29歳以下,2003000709,325,万円
貯蓄,29歳以下,2003001012,324,万円
貯蓄,29歳以下,2004000103,334,万円
貯蓄,29歳以下,2004000406,378,万円
貯蓄,29歳以下,2004000709,350,万円
貯蓄,29歳以下,2004001012,343,万円
貯蓄,29歳以下,2005000103,372,万円
貯蓄,29歳以下,2005000406,398,万円
貯蓄,29歳以下,2005000709,386,万円
貯蓄,29歳以下,2005001012,382,万円
貯蓄,29歳以下,2006000103,308,万円
貯蓄,29歳以下,2006000406,266,万円
貯蓄,29歳以下,2006000709,245,万円
貯蓄,29歳以下,2006001012,218,万円
貯蓄,29歳以下,2007000103,271,万円
貯蓄,29歳以下,2007000406,248,万円
貯蓄,29歳以下,2007000709,251,万円
貯蓄,29歳以下,2007001012,250,万円
貯蓄,29歳以下,2008000103,246,万円
貯蓄,29歳以下,2008000406,242,万円
貯蓄,29歳以下,2008000709,276,万円
貯蓄,29歳以下,2008001012,326,万円
貯蓄,29歳以下,2009000103,355,万円
貯蓄,29歳以下,2009000406,305,万円
貯蓄,29歳以下,2009000709,285,万円
貯蓄,29歳以下,2009001012,231,万円
貯蓄,29歳以下,2010000103,281,万円
貯蓄,29歳以下,2010000406,283,万円
貯蓄,29歳以下,2010000709,246,万円
貯蓄,29歳以下,2010001012,273,万円
貯蓄,29歳以下,2011000103,337,万円
貯蓄,29歳以下,2011000406,263,万円
貯蓄,29歳以下,2011000709,269,万円
貯蓄,29歳以下,2011001012,258,万円
貯蓄,29歳以下,2012000103,261,万円
貯蓄,29歳以下,2012000406,259,万円
貯蓄,29歳以下,2012000709,272,万円
貯蓄,29歳以下,2012001012,332,万円
貯蓄,29歳以下,2013000103,298,万円
貯蓄,29歳以下,2013000406,264,万円
貯蓄,29歳以下,2013000709,266,万円
貯蓄,29歳以下,2013001012,324,万円
貯蓄,29歳以下,2014000103,324,万円
貯蓄,29歳以下,2014000406,261,万円
貯蓄,29歳以下,2014000709,261,万円
貯蓄,29歳以下,2014001012,225,万円
貯蓄,29歳以下,2015000103,198,万円
貯蓄,29歳以下,2015000406,251,万円
貯蓄,29歳以下,2015000709,301,万円
貯蓄,29歳以下,2015001012,272,万円
貯蓄,29歳以下,2016000103,273,万円
貯蓄,29歳以下,2016000406,326,万円
貯蓄,29歳以下,2016000709,323,万円
貯蓄,29歳以下,2016001012,282,万円
貯蓄,29歳以下,2017000103,466,万円
貯蓄,29歳以下,2017000406,443,万円
貯蓄,29歳以下,2017000709,304,万円
貯蓄,29歳以下,2017001012,374,万円
貯蓄,29歳以下,2018000103,399,万円
貯蓄,29歳以下,2018000406,370,万円
貯蓄,29歳以下,2018000709,304,万円
貯蓄,29歳以下,2018001012,464,万円
貯蓄,29歳以下,2019000103,486,万円
貯蓄,29歳以下,2019000406,321,万円
貯蓄,29歳以下,2019000709,305,万円
貯蓄,29歳以下,2019001012,305,万円
貯蓄,29歳以下,2020000103,321,万円
貯蓄,29歳以下,2020000406,361,万円
貯蓄,29歳以下,2020000709,389,万円
貯蓄,29歳以下,2020001012,433,万円
貯蓄,29歳以下,2021000103,492,万円
貯蓄,29歳以下,2021000406,439,万円
貯蓄,29歳以下,2021000709,360,万円
貯蓄,29歳以下,2021001012,363,万円
貯蓄,29歳以下,2022000103,488,万円
貯蓄,29歳以下,2022000406,443,万円
貯蓄,29歳以下,2022000709,346,万円
貯蓄,29歳以下,2022001012,481,万円
貯蓄,29歳以下,2023000103,516,万円
貯蓄,29歳以下,2023000406,342,万円
貯蓄,29歳以下,2023000709,259,万円
貯蓄,29歳以下,2023001012,651,万円
貯蓄,29歳以下,2024000103,775,万円
貯蓄,29歳以下,2024000406,695,万円
貯蓄,29歳以下,2024000709,631,万円
貯蓄,29歳以下,2024001012,498,万円
貯蓄,29歳以下,2025000103,450,万円
貯蓄,29歳以下,2025000406,390,万円
貯蓄,29歳以下,2025000709,447,万円
貯蓄,29歳以下,2025001012,425,万円
貯蓄,30～39歳,2002000103,745,万円
貯蓄,30～39歳,2002000406,726,万円
貯蓄,30～39歳,2002000709,717,万円
貯蓄,30～39歳,2002001012,717,万円
貯蓄,30～39歳,2003000103,712,万円
貯蓄,30～39歳,2003000406,729,万円
貯蓄,30～39歳,2003000709,783,万円
貯蓄,30～39歳,2003001012,743,万円
貯蓄,30～39歳,2004000103,732,万円
貯蓄,30～39歳,2004000406,720,万円
貯蓄,30～39歳,2004000709,692,万円
貯蓄,30～39歳,2004001012,693,万円
貯蓄,30～39歳,2005000103,697,万円
貯蓄,30～39歳,2005000406,724,万円
貯蓄,30～39歳,2005000709,693,万円
貯蓄,30～39歳,2005001012,649,万円
貯蓄,30～39歳,2006000103,659,万円
貯蓄,30～39歳,2006000406,646,万円
貯蓄,30～39歳,2006000709,714,万円
貯蓄,30～39歳,2006001012,765,万円
貯蓄,30～39歳,2007000103,678,万円
貯蓄,30～39歳,2007000406,643,万円
貯蓄,30～39歳,2007000709,651,万円
貯蓄,30～39歳,2007001012,621,万円
貯蓄,30～39歳,2008000103,619,万円
貯蓄,30～39歳,2008000406,682,万円
貯蓄,30～39歳,2008000709,645,万円
貯蓄,30～39歳,2008001012,594,万円
貯蓄,30～39歳,2009000103,596,万円
貯蓄,30～39歳,2009000406,623,万円
貯蓄,30～39歳,2009000709,604,万円
貯蓄,30～39歳,2009001012,570,万円
貯蓄,30～39歳,2010000103,634,万円
貯蓄,30～39歳,2010000406,687,万円
貯蓄,30～39歳,2010000709,636,万円
貯蓄,30～39歳,2010001012,568,万円
貯蓄,30～39歳,2011000103,568,万円
貯蓄,30～39歳,2011000406,585,万円
貯蓄,30～39歳,2011000709,615,万円
貯蓄,30～39歳,2011001012,614,万円
貯蓄,30～39歳,2012000103,594,万円
貯蓄,30～39歳,2012000406,574,万円
貯蓄,30～39歳,2012000709,558,万円
貯蓄,30～39歳,2012001012,543,万円
貯蓄,30～39歳,2013000103,608,万円
貯蓄,30～39歳,2013000406,600,万円
貯蓄,30～39歳,2013000709,629,万円
貯蓄,30～39歳,2013001012,676,万円
貯蓄,30～39歳,2014000103,622,万円
貯蓄,30～39歳,2014000406,587,万円
貯蓄,30～39歳,2014000709,612,万円
貯蓄,30～39歳,2014001012,619,万円
貯蓄,30～39歳,2015000103,608,万円
貯蓄,30～39歳,2015000406,689,万円
貯蓄,30～39歳,2015000709,696,万円
貯蓄,30～39歳,2015001012,669,万円
貯蓄,30～39歳,2016000103,661,万円
貯蓄,30～39歳,2016000406,583,万円
貯蓄,30～39歳,2016000709,593,万円
貯蓄,30～39歳,2016001012,642,万円
貯蓄,30～39歳,2017000103,653,万円
貯蓄,30～39歳,2017000406,646,万円
貯蓄,30～39歳,2017000709,630,万円
貯蓄,30～39歳,2017001012,607,万円
貯蓄,30～39歳,2018000103,580,万円
貯蓄,30～39歳,2018000406,613,万円
貯蓄,30～39歳,2018000709,648,万円
貯蓄,30～39歳,2018001012,684,万円
貯蓄,30～39歳,2019000103,733,万円
貯蓄,30～39歳,2019000406,695,万円
貯蓄,30～39歳,2019000709,697,万円
貯蓄,30～39歳,2019001012,795,万円
貯蓄,30～39歳,2020000103,780,万円
貯蓄,30～39歳,2020000406,729,万円
貯蓄,30～39歳,2020000709,759,万円
貯蓄,30～39歳,2020001012,771,万円
貯蓄,30～39歳,2021000103,797,万円
貯蓄,30～39歳,2021000406,804,万円
貯蓄,30～39歳,2021000709,757,万円
貯蓄,30～39歳,2021001012,740,万円
貯蓄,30～39歳,2022000103,791,万円
貯蓄,30～39歳,2022000406,824,万円
貯蓄,30～39歳,2022000709,926,万円
貯蓄,30～39歳,2022001012,890,万円
貯蓄,30～39歳,2023000103,885,万円
貯蓄,30～39歳,2023000406,826,万円
貯蓄,30～39歳,2023000709,794,万円
貯蓄,30～39歳,2023001012,797,万円
貯蓄,30～39歳,2024000103,889,万円
貯蓄,30～39歳,2024000406,893,万円
貯蓄,30～39歳,2024000709,885,万円
貯蓄,30～39歳,2024001012,924,万円
貯蓄,30～39歳,2025000103,1045,万円
貯蓄,30～39歳,2025000406,1011,万円
貯蓄,30～39歳,2025000709,1012,万円
貯蓄,30～39歳,2025001012,1224,万円
貯蓄,40～49歳,2002000103,1106,万円
貯蓄,40～49歳,2002000406,1097,万円
貯蓄,40～49歳,2002000709,1134,万円
貯蓄,40～49歳,2002001012,1180,万円
貯蓄,40～49歳,2003000103,1181,万円
貯蓄,40～49歳,2003000406,1156,万円
貯蓄,40～49歳,2003000709,1157,万円
貯蓄,40～49歳,2003001012,1111,万円
貯蓄,40～49歳,2004000103,1134,万円
貯蓄,40～49歳,2004000406,1229,万円
貯蓄,40～49歳,2004000709,1152,万円
貯蓄,40～49歳,2004001012,1116,万円
貯蓄,40～49歳,2005000103,1145,万円
貯蓄,40～49歳,2005000406,1186,万円
貯蓄,40～49歳,2005000709,1219,万円
貯蓄,40～49歳,2005001012,1173,万円
貯蓄,40～49歳,2006000103,1137,万円
貯蓄,40～49歳,2006000406,1179,万円
貯蓄,40～49歳,2006000709,1178,万円
貯蓄,40～49歳,2006001012,1176,万円
貯蓄,40～49歳,2007000103,1109,万円
貯蓄,40～49歳,2007000406,1150,万円
貯蓄,40～49歳,2007000709,1114,万円
貯蓄,40～49歳,2007001012,1099,万円
貯蓄,40～49歳,2008000103,1108,万円
貯蓄,40～49歳,2008000406,1137,万円
貯蓄,40～49歳,2008000709,1218,万円
貯蓄,40～49歳,2008001012,1253,万円
貯蓄,40～49歳,2009000103,1139,万円
貯蓄,40～49歳,2009000406,1138,万円
貯蓄,40～49歳,2009000709,1106,万円
貯蓄,40～49歳,2009001012,1060,万円
貯蓄,40～49歳,2010000103,1123,万円
貯蓄,40～49歳,2010000406,1111,万円
貯蓄,40～49歳,2010000709,1027,万円
貯蓄,40～49歳,2010001012,1067,万円
貯蓄,40～49歳,2011000103,1063,万円
貯蓄,40～49歳,2011000406,1127,万円
貯蓄,40～49歳,2011000709,1163,万円
貯蓄,40～49歳,2011001012,1121,万円
貯蓄,40～49歳,2012000103,1129,万円
貯蓄,40～49歳,2012000406,1068,万円
貯蓄,40～49歳,2012000709,953,万円
貯蓄,40～49歳,2012001012,981,万円
貯蓄,40～49歳,2013000103,1052,万円
貯蓄,40～49歳,2013000406,1049,万円
貯蓄,40～49歳,2013000709,1056,万円
貯蓄,40～49歳,2013001012,1039,万円
貯蓄,40～49歳,2014000103,1020,万円
貯蓄,40～49歳,2014000406,1051,万円
貯蓄,40～49歳,2014000709,1048,万円
貯蓄,40～49歳,2014001012,1004,万円
貯蓄,40～49歳,2015000103,1025,万円
貯蓄,40～49歳,2015000406,1045,万円
貯蓄,40～49歳,2015000709,1014,万円
貯蓄,40～49歳,2015001012,1012,万円
貯蓄,40～49歳,2016000103,1008,万円
貯蓄,40～49歳,2016000406,1073,万円
貯蓄,40～49歳,2016000709,1087,万円
貯蓄,40～49歳,2016001012,1093,万円
貯蓄,40～49歳,2017000103,1114,万円
貯蓄,40～49歳,2017000406,1067,万円
貯蓄,40～49歳,2017000709,1026,万円
貯蓄,40～49歳,2017001012,1089,万円
貯蓄,40～49歳,2018000103,1073,万円
貯蓄,40～49歳,2018000406,1007,万円
貯蓄,40～49歳,2018000709,931,万円
貯蓄,40～49歳,2018001012,1038,万円
貯蓄,40～49歳,2019000103,1092,万円
貯蓄,40～49歳,2019000406,1051,万円
貯蓄,40～49歳,2019000709,1072,万円
貯蓄,40～49歳,2019001012,1091,万円
貯蓄,40～49歳,2020000103,1064,万円
貯蓄,40～49歳,2020000406,1101,万円
貯蓄,40～49歳,2020000709,1121,万円
貯蓄,40～49歳,2020001012,1037,万円
貯蓄,40～49歳,2021000103,1089,万円
貯蓄,40～49歳,2021000406,1161,万円
貯蓄,40～49歳,2021000709,1133,万円
貯蓄,40～49歳,2021001012,1154,万円
貯蓄,40～49歳,2022000103,1170,万円
貯蓄,40～49歳,2022000406,1166,万円
貯蓄,40～49歳,2022000709,1135,万円
貯蓄,40～49歳,2022001012,1171,万円
貯蓄,40～49歳,2023000103,1223,万円
貯蓄,40～49歳,2023000406,1207,万円
貯蓄,40～49歳,2023000709,1193,万円
貯蓄,40～49歳,2023001012,1210,万円
貯蓄,40～49歳,2024000103,1287,万円
貯蓄,40～49歳,2024000406,1361,万円
貯蓄,40～49歳,2024000709,1288,万円
貯蓄,40～49歳,2024001012,1320,万円
貯蓄,40～49歳,2025000103,1366,万円
貯蓄,40～49歳,2025000406,1370,万円
貯蓄,40～49歳,2025000709,1396,万円
貯蓄,40～49歳,2025001012,1391,万円
貯蓄,50～59歳,2002000103,1896,万円
貯蓄,50～59歳,2002000406,1873,万円
貯蓄,50～59歳,2002000709,1802,万円
貯蓄,50～59歳,2002001012,1731,万円
貯蓄,50～59歳,2003000103,1755,万円
貯蓄,50～59歳,2003000406,1844,万円
貯蓄,50～59歳,2003000709,1785,万円
貯蓄,50～59歳,2003001012,1686,万円
貯蓄,50～59歳,2004000103,1692,万円
貯蓄,50～59歳,2004000406,1740,万円
貯蓄,50～59歳,2004000709,1744,万円
貯蓄,50～59歳,2004001012,1738,万円
貯蓄,50～59歳,2005000103,1735,万円
貯蓄,50～59歳,2005000406,1714,万円
貯蓄,50～59歳,2005000709,1739,万円
貯蓄,50～59歳,2005001012,1801,万円
貯蓄,50～59歳,2006000103,1779,万円
貯蓄,50～59歳,2006000406,1730,万円
貯蓄,50～59歳,2006000709,1719,万円
貯蓄,50～59歳,2006001012,1779,万円
貯蓄,50～59歳,2007000103,1746,万円
貯蓄,50～59歳,2007000406,1641,万円
貯蓄,50～59歳,2007000709,1710,万円
貯蓄,50～59歳,2007001012,1690,万円
貯蓄,50～59歳,2008000103,1724,万円
貯蓄,50～59歳,2008000406,1707,万円
貯蓄,50～59歳,2008000709,1643,万円
貯蓄,50～59歳,2008001012,1628,万円
貯蓄,50～59歳,2009000103,1716,万円
貯蓄,50～59歳,2009000406,1690,万円
貯蓄,50～59歳,2009000709,1608,万円
貯蓄,50～59歳,2009001012,1666,万円
貯蓄,50～59歳,2010000103,1668,万円
貯蓄,50～59歳,2010000406,1636,万円
貯蓄,50～59歳,2010000709,1667,万円
貯蓄,50～59歳,2010001012,1668,万円
貯蓄,50～59歳,2011000103,1551,万円
貯蓄,50～59歳,2011000406,1526,万円
貯蓄,50～59歳,2011000709,1624,万円
貯蓄,50～59歳,2011001012,1649,万円
貯蓄,50～59歳,2012000103,1656,万円
貯蓄,50～59歳,2012000406,1674,万円
貯蓄,50～59歳,2012000709,1693,万円
貯蓄,50～59歳,2012001012,1678,万円
貯蓄,50～59歳,2013000103,1670,万円
貯蓄,50～59歳,2013000406,1540,万円
貯蓄,50～59歳,2013000709,1554,万円
貯蓄,50～59歳,2013001012,1615,万円
貯蓄,50～59歳,2014000103,1633,万円
貯蓄,50～59歳,2014000406,1664,万円
貯蓄,50～59歳,2014000709,1646,万円
貯蓄,50～59歳,2014001012,1711,万円
貯蓄,50～59歳,2015000103,1814,万円
貯蓄,50～59歳,2015000406,1782,万円
貯蓄,50～59歳,2015000709,1682,万円
貯蓄,50～59歳,2015001012,1725,万円
貯蓄,50～59歳,2016000103,1905,万円
貯蓄,50～59歳,2016000406,1846,万円
貯蓄,50～59歳,2016000709,1713,万円
貯蓄,50～59歳,2016001012,1744,万円
貯蓄,50～59歳,2017000103,1744,万円
貯蓄,50～59歳,2017000406,1682,万円
貯蓄,50～59歳,2017000709,1645,万円
貯蓄,50～59歳,2017001012,1723,万円
貯蓄,50～59歳,2018000103,1788,万円
貯蓄,50～59歳,2018000406,1757,万円
貯蓄,50～59歳,2018000709,1720,万円
貯蓄,50～59歳,2018001012,1848,万円
貯蓄,50～59歳,2019000103,1837,万円
貯蓄,50～59歳,2019000406,1611,万円
貯蓄,50～59歳,2019000709,1629,万円
貯蓄,50～59歳,2019001012,1741,万円
貯蓄,50～59歳,2020000103,1673,万円
貯蓄,50～59歳,2020000406,1678,万円
貯蓄,50～59歳,2020000709,1786,万円
貯蓄,50～59歳,2020001012,1676,万円
貯蓄,50～59歳,2021000103,1728,万円
貯蓄,50～59歳,2021000406,1965,万円
貯蓄,50～59歳,2021000709,1924,万円
貯蓄,50～59歳,2021001012,1765,万円
貯蓄,50～59歳,2022000103,1768,万円
貯蓄,50～59歳,2022000406,1869,万円
貯蓄,50～59歳,2022000709,1886,万円
貯蓄,50～59歳,2022001012,1791,万円
貯蓄,50～59歳,2023000103,1684,万円
貯蓄,50～59歳,2023000406,1694,万円
貯蓄,50～59歳,2023000709,1672,万円
貯蓄,50～59歳,2023001012,1768,万円
貯蓄,50～59歳,2024000103,1790,万円
貯蓄,50～59歳,2024000406,1668,万円
貯蓄,50～59歳,2024000709,1804,万円
貯蓄,50～59歳,2024001012,1928,万円
貯蓄,50～59歳,2025000103,1870,万円
貯蓄,50～59歳,2025000406,1650,万円
貯蓄,50～59歳,2025000709,1745,万円
貯蓄,50～59歳,2025001012,1757,万円
貯蓄,60～69歳,2002000103,2415,万円
貯蓄,60～69歳,2002000406,2256,万円
貯蓄,60～69歳,2002000709,2200,万円
貯蓄,60～69歳,2002001012,2405,万円
貯蓄,60～69歳,2003000103,2449,万円
貯蓄,60～69歳,2003000406,2304,万円
貯蓄,60～69歳,2003000709,2360,万円
貯蓄,60～69歳,2003001012,2347,万円
貯蓄,60～69歳,2004000103,2310,万円
貯蓄,60～69歳,2004000406,2396,万円
貯蓄,60～69歳,2004000709,2409,万円
貯蓄,60～69歳,2004001012,2400,万円
貯蓄,60～69歳,2005000103,2491,万円
貯蓄,60～69歳,2005000406,2369,万円
貯蓄,60～69歳,2005000709,2298,万円
貯蓄,60～69歳,2005001012,2311,万円
貯蓄,60～69歳,2006000103,2363,万円
貯蓄,60～69歳,2006000406,2483,万円
貯蓄,60～69歳,2006000709,2486,万円
貯蓄,60～69歳,2006001012,2317,万円
貯蓄,60～69歳,2007000103,2308,万円
貯蓄,60～69歳,2007000406,2541,万円
貯蓄,60～69歳,2007000709,2597,万円
貯蓄,60～69歳,2007001012,2451,万円
貯蓄,60～69歳,2008000103,2353,万円
貯蓄,60～69歳,2008000406,2286,万円
貯蓄,60～69歳,2008000709,2234,万円
貯蓄,60～69歳,2008001012,2277,万円
貯蓄,60～69歳,2009000103,2213,万円
貯蓄,60～69歳,2009000406,2173,万円
貯蓄,60～69歳,2009000709,2161,万円
貯蓄,60～69歳,2009001012,2261,万円
貯蓄,60～69歳,2010000103,2432,万円
貯蓄,60～69歳,2010000406,2331,万円
貯蓄,60～69歳,2010000709,2196,万円
貯蓄,60～69歳,2010001012,2296,万円
貯蓄,60～69歳,2011000103,2359,万円
貯蓄,60～69歳,2011000406,2233,万円
貯蓄,60～69歳,2011000709,2360,万円
貯蓄,60～69歳,2011001012,2501,万円
貯蓄,60～69歳,2012000103,2297,万円
貯蓄,60～69歳,2012000406,2226,万円
貯蓄,60～69歳,2012000709,2243,万円
貯蓄,60～69歳,2012001012,2231,万円
貯蓄,60～69歳,2013000103,2385,万円
貯蓄,60～69歳,2013000406,2529,万円
貯蓄,60～69歳,2013000709,2311,万円
貯蓄,60～69歳,2013001012,2314,万円
貯蓄,60～69歳,2014000103,2490,万円
貯蓄,60～69歳,2014000406,2544,万円
貯蓄,60～69歳,2014000709,2489,万円
貯蓄,60～69歳,2014001012,2414,万円
貯蓄,60～69歳,2015000103,2436,万円
貯蓄,60～69歳,2015000406,2414,万円
貯蓄,60～69歳,2015000709,2390,万円
貯蓄,60～69歳,2015001012,2371,万円
貯蓄,60～69歳,2016000103,2282,万円
貯蓄,60～69歳,2016000406,2289,万円
貯蓄,60～69歳,2016000709,2345,万円
貯蓄,60～69歳,2016001012,2331,万円
貯蓄,60～69歳,2017000103,2304,万円
貯蓄,60～69歳,2017000406,2249,万円
貯蓄,60～69歳,2017000709,2456,万円
貯蓄,60～69歳,2017001012,2518,万円
貯蓄,60～69歳,2018000103,2383,万円
貯蓄,60～69歳,2018000406,2351,万円
貯蓄,60～69歳,2018000709,2296,万円
貯蓄,60～69歳,2018001012,2278,万円
貯蓄,60～69歳,2019000103,2349,万円
貯蓄,60～69歳,2019000406,2289,万円
貯蓄,60～69歳,2019000709,2340,万円
貯蓄,60～69歳,2019001012,2342,万円
貯蓄,60～69歳,2020000103,2335,万円
貯蓄,60～69歳,2020000406,2313,万円
貯蓄,60～69歳,2020000709,2329,万円
貯蓄,60～69歳,2020001012,2557,万円
貯蓄,60～69歳,2021000103,2667,万円
貯蓄,60～69歳,2021000406,2625,万円
貯蓄,60～69歳,2021000709,2471,万円
貯蓄,60～69歳,2021001012,2385,万円
貯蓄,60～69歳,2022000103,2412,万円
貯蓄,60～69歳,2022000406,2428,万円
貯蓄,60～69歳,2022000709,2523,万円
貯蓄,60～69歳,2022001012,2468,万円
貯蓄,60～69歳,2023000103,2460,万円
貯蓄,60～69歳,2023000406,2473,万円
貯蓄,60～69歳,2023000709,2437,万円
貯蓄,60～69歳,2023001012,2358,万円
貯蓄,60～69歳,2024000103,2447,万円
貯蓄,60～69歳,2024000406,2650,万円
貯蓄,60～69歳,2024000709,2726,万円
貯蓄,60～69歳,2024001012,2814,万円
貯蓄,60～69歳,2025000103,2780,万円
貯蓄,60～69歳,2025000406,2697,万円
貯蓄,60～69歳,2025000709,2959,万円
貯蓄,60～69歳,2025001012,2936,万円
貯蓄,70歳以上,2002000103,2479,万円
貯蓄,70歳以上,2002000406,2594,万円
貯蓄,70歳以上,2002000709,2663,万円
貯蓄,70歳以上,2002001012,2470,万円
貯蓄,70歳以上,2003000103,2419,万円
貯蓄,70歳以上,2003000406,2486,万円
貯蓄,70歳以上,2003000709,2591,万円
貯蓄,70歳以上,2003001012,2554,万円
貯蓄,70歳以上,2004000103,2426,万円
貯蓄,70歳以上,2004000406,2473,万円
貯蓄,70歳以上,2004000709,2591,万円
貯蓄,70歳以上,2004001012,2578,万円
貯蓄,70歳以上,2005000103,2625,万円
貯蓄,70歳以上,2005000406,2651,万円
貯蓄,70歳以上,2005000709,2646,万円
貯蓄,70歳以上,2005001012,2422,万円
貯蓄,70歳以上,2006000103,2409,万円
貯蓄,70歳以上,2006000406,2495,万円
貯蓄,70歳以上,2006000709,2547,万円
貯蓄,70歳以上,2006001012,2474,万円
貯蓄,70歳以上,2007000103,2454,万円
貯蓄,70歳以上,2007000406,2495,万円
貯蓄,70歳以上,2007000709,2406,万円
貯蓄,70歳以上,2007001012,2348,万円
貯蓄,70歳以上,2008000103,2410,万円
貯蓄,70歳以上,2008000406,2460,万円
貯蓄,70歳以上,2008000709,2419,万円
貯蓄,70歳以上,2008001012,2373,万円
貯蓄,70歳以上,2009000103,2410,万円
貯蓄,70歳以上,2009000406,2357,万円
貯蓄,70歳以上,2009000709,2352,万円
貯蓄,70歳以上,2009001012,2327,万円
貯蓄,70歳以上,2010000103,2255,万円
貯蓄,70歳以上,2010000406,2213,万円
貯蓄,70歳以上,2010000709,2246,万円
貯蓄,70歳以上,2010001012,2297,万円
貯蓄,70歳以上,2011000103,2332,万円
貯蓄,70歳以上,2011000406,2259,万円
貯蓄,70歳以上,2011000709,2164,万円
貯蓄,70歳以上,2011001012,2090,万円
貯蓄,70歳以上,2012000103,2159,万円
貯蓄,70歳以上,2012000406,2248,万円
貯蓄,70歳以上,2012000709,2197,万円
貯蓄,70歳以上,2012001012,2184,万円
貯蓄,70歳以上,2013000103,2315,万円
貯蓄,70歳以上,2013000406,2392,万円
貯蓄,70歳以上,2013000709,2397,万円
貯蓄,70歳以上,2013001012,2436,万円
貯蓄,70歳以上,2014000103,2425,万円
貯蓄,70歳以上,2014000406,2398,万円
貯蓄,70歳以上,2014000709,2494,万円
貯蓄,70歳以上,2014001012,2493,万円
貯蓄,70歳以上,2015000103,2551,万円
貯蓄,70歳以上,2015000406,2482,万円
貯蓄,70歳以上,2015000709,2296,万円
貯蓄,70歳以上,2015001012,2226,万円
貯蓄,70歳以上,2016000103,2436,万円
貯蓄,70歳以上,2016000406,2579,万円
貯蓄,70歳以上,2016000709,2450,万円
貯蓄,70歳以上,2016001012,2322,万円
貯蓄,70歳以上,2017000103,2405,万円
貯蓄,70歳以上,2017000406,2429,万円
貯蓄,70歳以上,2017000709,2353,万円
貯蓄,70歳以上,2017001012,2353,万円
貯蓄,70歳以上,2018000103,2305,万円
貯蓄,70歳以上,2018000406,2265,万円
貯蓄,70歳以上,2018000709,2186,万円
貯蓄,70歳以上,2018001012,2239,万円
貯蓄,70歳以上,2019000103,2164,万円
貯蓄,70歳以上,2019000406,2187,万円
貯蓄,70歳以上,2019000709,2292,万円
貯蓄,70歳以上,2019001012,2368,万円
貯蓄,70歳以上,2020000103,2229,万円
貯蓄,70歳以上,2020000406,2189,万円
貯蓄,70歳以上,2020000709,2292,万円
貯蓄,70歳以上,2020001012,2328,万円
貯蓄,70歳以上,2021000103,2376,万円
貯蓄,70歳以上,2021000406,2398,万円
貯蓄,70歳以上,2021000709,2280,万円
貯蓄,70歳以上,2021001012,2220,万円
貯蓄,70歳以上,2022000103,2256,万円
貯蓄,70歳以上,2022000406,2404,万円
貯蓄,70歳以上,2022000709,2468,万円
貯蓄,70歳以上,2022001012,2515,万円
貯蓄,70歳以上,2023000103,2452,万円
貯蓄,70歳以上,2023000406,2416,万円
貯蓄,70歳以上,2023000709,2630,万円
貯蓄,70歳以上,2023001012,2515,万円
貯蓄,70歳以上,2024000103,2430,万円
貯蓄,70歳以上,2024000406,2440,万円
貯蓄,70歳以上,2024000709,2423,万円
貯蓄,70歳以上,2024001012,2470,万円
貯蓄,70歳以上,2025000103,2453,万円
貯蓄,70歳以上,2025000406,2422,万円
貯蓄,70歳以上,2025000709,2512,万円
貯蓄,70歳以上,2025001012,2497,万円
負債,29歳以下,2002000103,243,万円
負債,29歳以下,2002000406,235,万円
負債,29歳以下,2002000709,258,万円
負債,29歳以下,2002001012,259,万円
負債,29歳以下,2003000103,251,万円
負債,29歳以下,2003000406,247,万円
負債,29歳以下,2003000709,191,万円
負債,29歳以下,2003001012,196,万円
負債,29歳以下,2004000103,232,万円
負債,29歳以下,2004000406,303,万円
負債,29歳以下,2004000709,278,万円
負債,29歳以下,2004001012,329,万円
負債,29歳以下,2005000103,384,万円
負債,29歳以下,2005000406,337,万円
負債,29歳以下,2005000709,303,万円
負債,29歳以下,2005001012,259,万円
負債,29歳以下,2006000103,219,万円
負債,29歳以下,2006000406,267,万円
負債,29歳以下,2006000709,294,万円
負債,29歳以下,2006001012,362,万円
負債,29歳以下,2007000103,297,万円
負債,29歳以下,2007000406,280,万円
負債,29歳以下,2007000709,475,万円
負債,29歳以下,2007001012,495,万円
負債,29歳以下,2008000103,452,万円
負債,29歳以下,2008000406,471,万円
負債,29歳以下,2008000709,323,万円
負債,29歳以下,2008001012,211,万円
負債,29歳以下,2009000103,404,万円
負債,29歳以下,2009000406,350,万円
負債,29歳以下,2009000709,334,万円
負債,29歳以下,2009001012,405,万円
負債,29歳以下,2010000103,397,万円
負債,29歳以下,2010000406,285,万円
負債,29歳以下,2010000709,263,万円
負債,29歳以下,2010001012,329,万円
負債,29歳以下,2011000103,315,万円
負債,29歳以下,2011000406,314,万円
負債,29歳以下,2011000709,314,万円
負債,29歳以下,2011001012,302,万円
負債,29歳以下,2012000103,310,万円
負債,29歳以下,2012000406,221,万円
負債,29歳以下,2012000709,276,万円
負債,29歳以下,2012001012,365,万円
負債,29歳以下,2013000103,360,万円
負債,29歳以下,2013000406,250,万円
負債,29歳以下,2013000709,323,万円
負債,29歳以下,2013001012,398,万円
負債,29歳以下,2014000103,518,万円
負債,29歳以下,2014000406,755,万円
負債,29歳以下,2014000709,529,万円
負債,29歳以下,2014001012,432,万円
負債,29歳以下,2015000103,464,万円
負債,29歳以下,2015000406,483,万円
負債,29歳以下,2015000709,612,万円
負債,29歳以下,2015001012,410,万円
負債,29歳以下,2016000103,322,万円
負債,29歳以下,2016000406,541,万円
負債,29歳以下,2016000709,647,万円
負債,29歳以下,2016001012,656,万円
負債,29歳以下,2017000103,516,万円
負債,29歳以下,2017000406,447,万円
負債,29歳以下,2017000709,673,万円
負債,29歳以下,2017001012,809,万円
負債,29歳以下,2018000103,852,万円
負債,29歳以下,2018000406,712,万円
負債,29歳以下,2018000709,498,万円
負債,29歳以下,2018001012,636,万円
負債,29歳以下,2019000103,662,万円
負債,29歳以下,2019000406,867,万円
負債,29歳以下,2019000709,1046,万円
負債,29歳以下,2019001012,933,万円
負債,29歳以下,2020000103,622,万円
負債,29歳以下,2020000406,710,万円
負債,29歳以下,2020000709,674,万円
負債,29歳以下,2020001012,756,万円
負債,29歳以下,2021000103,909,万円
負債,29歳以下,2021000406,776,万円
負債,29歳以下,2021000709,693,万円
負債,29歳以下,2021001012,830,万円
負債,29歳以下,2022000103,792,万円
負債,29歳以下,2022000406,657,万円
負債,29歳以下,2022000709,777,万円
負債,29歳以下,2022001012,642,万円
負債,29歳以下,2023000103,885,万円
負債,29歳以下,2023000406,926,万円
負債,29歳以下,2023000709,997,万円
負債,29歳以下,2023001012,1161,万円
負債,29歳以下,2024000103,1287,万円
負債,29歳以下,2024000406,1471,万円
負債,29歳以下,2024000709,1218,万円
負債,29歳以下,2024001012,1023,万円
負債,29歳以下,2025000103,1173,万円
負債,29歳以下,2025000406,1626,万円
負債,29歳以下,2025000709,1643,万円
負債,29歳以下,2025001012,1426,万円
負債,30～39歳,2002000103,749,万円
負債,30～39歳,2002000406,738,万円
負債,30～39歳,2002000709,733,万円
負債,30～39歳,2002001012,726,万円
負債,30～39歳,2003000103,664,万円
負債,30～39歳,2003000406,688,万円
負債,30～39歳,2003000709,723,万円
負債,30～39歳,2003001012,714,万円
負債,30～39歳,2004000103,692,万円
負債,30～39歳,2004000406,704,万円
負債,30～39歳,2004000709,780,万円
負債,30～39歳,2004001012,838,万円
負債,30～39歳,2005000103,813,万円
負債,30～39歳,2005000406,772,万円
負債,30～39歳,2005000709,742,万円
負債,30～39歳,2005001012,734,万円
負債,30～39歳,2006000103,763,万円
負債,30～39歳,2006000406,710,万円
負債,30～39歳,2006000709,748,万円
負債,30～39歳,2006001012,826,万円
負債,30～39歳,2007000103,823,万円
負債,30～39歳,2007000406,780,万円
負債,30～39歳,2007000709,869,万円
負債,30～39歳,2007001012,887,万円
負債,30～39歳,2008000103,739,万円
負債,30～39歳,2008000406,858,万円
負債,30～39歳,2008000709,849,万円
負債,30～39歳,2008001012,803,万円
負債,30～39歳,2009000103,826,万円
負債,30～39歳,2009000406,777,万円
負債,30～39歳,2009000709,701,万円
負債,30～39歳,2009001012,728,万円
負債,30～39歳,2010000103,828,万円
負債,30～39歳,2010000406,825,万円
負債,30～39歳,2010000709,883,万円
負債,30～39歳,2010001012,889,万円
負債,30～39歳,2011000103,900,万円
負債,30～39歳,2011000406,906,万円
負債,30～39歳,2011000709,803,万円
負債,30～39歳,2011001012,758,万円
負債,30～39歳,2012000103,874,万円
負債,30～39歳,2012000406,920,万円
負債,30～39歳,2012000709,894,万円
負債,30～39歳,2012001012,949,万円
負債,30～39歳,2013000103,1039,万円
負債,30～39歳,2013000406,1050,万円
負債,30～39歳,2013000709,1044,万円
負債,30～39歳,2013001012,910,万円
負債,30～39歳,2014000103,942,万円
負債,30～39歳,2014000406,1003,万円
負債,30～39歳,2014000709,1006,万円
負債,30～39歳,2014001012,1029,万円
負債,30～39歳,2015000103,999,万円
負債,30～39歳,2015000406,1026,万円
負債,30～39歳,2015000709,994,万円
負債,30～39歳,2015001012,1041,万円
負債,30～39歳,2016000103,1157,万円
負債,30～39歳,2016000406,1216,万円
負債,30～39歳,2016000709,1237,万円
負債,30～39歳,2016001012,1153,万円
負債,30～39歳,2017000103,1122,万円
負債,30～39歳,2017000406,1157,万円
負債,30～39歳,2017000709,1233,万円
負債,30～39歳,2017001012,1299,万円
負債,30～39歳,2018000103,1292,万円
負債,30～39歳,2018000406,1309,万円
負債,30～39歳,2018000709,1357,万円
負債,30～39歳,2018001012,1358,万円
負債,30～39歳,2019000103,1456,万円
負債,30～39歳,2019000406,1401,万円
負債,30～39歳,2019000709,1347,万円
負債,30～39歳,2019001012,1376,万円
負債,30～39歳,2020000103,1380,万円
負債,30～39歳,2020000406,1304,万円
負債,30～39歳,2020000709,1269,万円
負債,30～39歳,2020001012,1369,万円
負債,30～39歳,2021000103,1443,万円
負債,30～39歳,2021000406,1387,万円
負債,30～39歳,2021000709,1456,万円
負債,30～39歳,2021001012,1521,万円
負債,30～39歳,2022000103,1390,万円
負債,30～39歳,2022000406,1470,万円
負債,30～39歳,2022000709,1631,万円
負債,30～39歳,2022001012,1757,万円
負債,30～39歳,2023000103,1801,万円
負債,30～39歳,2023000406,1783,万円
負債,30～39歳,2023000709,1908,万円
負債,30～39歳,2023001012,1923,万円
負債,30～39歳,2024000103,1761,万円
負債,30～39歳,2024000406,1698,万円
負債,30～39歳,2024000709,1894,万円
負債,30～39歳,2024001012,1999,万円
負債,30～39歳,2025000103,1999,万円
負債,30～39歳,2025000406,1933,万円
負債,30～39歳,2025000709,1838,万円
負債,30～39歳,2025001012,1989,万円
負債,40～49歳,2002000103,882,万円
負債,40～49歳,2002000406,859,万円
負債,40～49歳,2002000709,858,万円
負債,40～49歳,2002001012,906,万円
負債,40～49歳,2003000103,872,万円
負債,40～49歳,2003000406,876,万円
負債,40～49歳,2003000709,871,万円
負債,40～49歳,2003001012,904,万円
負債,40～49歳,2004000103,971,万円
負債,40～49歳,2004000406,958,万円
負債,40～49歳,2004000709,918,万円
負債,40～49歳,2004001012,893,万円
負債,40～49歳,2005000103,866,万円
負債,40～49歳,2005000406,863,万円
負債,40～49歳,2005000709,833,万円
負債,40～49歳,2005001012,845,万円
負債,40～49歳,2006000103,932,万円
負債,40～49歳,2006000406,975,万円
負債,40～49歳,2006000709,951,万円
負債,40～49歳,2006001012,922,万円
負債,40～49歳,2007000103,932,万円
負債,40～49歳,2007000406,934,万円
負債,40～49歳,2007000709,948,万円
負債,40～49歳,2007001012,924,万円
負債,40～49歳,2008000103,968,万円
負債,40～49歳,2008000406,970,万円
負債,40～49歳,2008000709,951,万円
負債,40～49歳,2008001012,928,万円
負債,40～49歳,2009000103,966,万円
負債,40～49歳,2009000406,978,万円
負債,40～49歳,2009000709,912,万円
負債,40～49歳,2009001012,913,万円
負債,40～49歳,2010000103,925,万円
負債,40～49歳,2010000406,938,万円
負債,40～49歳,2010000709,980,万円
負債,40～49歳,2010001012,916,万円
負債,40～49歳,2011000103,861,万円
負債,40～49歳,2011000406,849,万円
負債,40～49歳,2011000709,875,万円
負債,40～49歳,2011001012,901,万円
負債,40～49歳,2012000103,926,万円
負債,40～49歳,2012000406,996,万円
負債,40～49歳,2012000709,996,万円
負債,40～49歳,2012001012,996,万円
負債,40～49歳,2013000103,1005,万円
負債,40～49歳,2013000406,987,万円
負債,40～49歳,2013000709,987,万円
負債,40～49歳,2013001012,996,万円
負債,40～49歳,2014000103,1093,万円
負債,40～49歳,2014000406,1085,万円
負債,40～49歳,2014000709,1009,万円
負債,40～49歳,2014001012,1015,万円
負債,40～49歳,2015000103,1015,万円
負債,40～49歳,2015000406,1081,万円
負債,40～49歳,2015000709,1136,万円
負債,40～49歳,2015001012,1041,万円
負債,40～49歳,2016000103,1034,万円
負債,40～49歳,2016000406,1058,万円
負債,40～49歳,2016000709,1036,万円
負債,40～49歳,2016001012,1061,万円
負債,40～49歳,2017000103,1057,万円
負債,40～49歳,2017000406,1066,万円
負債,40～49歳,2017000709,1058,万円
負債,40～49歳,2017001012,1040,万円
負債,40～49歳,2018000103,1100,万円
負債,40～49歳,2018000406,1116,万円
負債,40～49歳,2018000709,1108,万円
負債,40～49歳,2018001012,1097,万円
負債,40～49歳,2019000103,1100,万円
負債,40～49歳,2019000406,1117,万円
負債,40～49歳,2019000709,1108,万円
負債,40～49歳,2019001012,1171,万円
負債,40～49歳,2020000103,1257,万円
負債,40～49歳,2020000406,1275,万円
負債,40～49歳,2020000709,1229,万円
負債,40～49歳,2020001012,1164,万円
負債,40～49歳,2021000103,1142,万円
負債,40～49歳,2021000406,1208,万円
負債,40～49歳,2021000709,1175,万円
負債,40～49歳,2021001012,1163,万円
負債,40～49歳,2022000103,1142,万円
負債,40～49歳,2022000406,1230,万円
負債,40～49歳,2022000709,1280,万円
負債,40～49歳,2022001012,1254,万円
負債,40～49歳,2023000103,1392,万円
負債,40～49歳,2023000406,1408,万円
負債,40～49歳,2023000709,1360,万円
負債,40～49歳,2023001012,1393,万円
負債,40～49歳,2024000103,1407,万円
負債,40～49歳,2024000406,1452,万円
負債,40～49歳,2024000709,1488,万円
負債,40～49歳,2024001012,1431,万円
負債,40～49歳,2025000103,1407,万円
負債,40～49歳,2025000406,1413,万円
負債,40～49歳,2025000709,1535,万円
負債,40～49歳,2025001012,1576,万円
負債,50～59歳,2002000103,677,万円
負債,50～59歳,2002000406,666,万円
負債,50～59歳,2002000709,591,万円
負債,50～59歳,2002001012,553,万円
負債,50～59歳,2003000103,593,万円
負債,50～59歳,2003000406,644,万円
負債,50～59歳,2003000709,620,万円
負債,50～59歳,2003001012,616,万円
負債,50～59歳,2004000103,624,万円
負債,50～59歳,2004000406,615,万円
負債,50～59歳,2004000709,604,万円
負債,50～59歳,2004001012,566,万円
負債,50～59歳,2005000103,572,万円
負債,50～59歳,2005000406,595,万円
負債,50～59歳,2005000709,609,万円
負債,50～59歳,2005001012,549,万円
負債,50～59歳,2006000103,547,万円
負債,50～59歳,2006000406,610,万円
負債,50～59歳,2006000709,555,万円
負債,50～59歳,2006001012,511,万円
負債,50～59歳,2007000103,576,万円
負債,50～59歳,2007000406,612,万円
負債,50～59歳,2007000709,603,万円
負債,50～59歳,2007001012,587,万円
負債,50～59歳,2008000103,548,万円
負債,50～59歳,2008000406,504,万円
負債,50～59歳,2008000709,539,万円
負債,50～59歳,2008001012,507,万円
負債,50～59歳,2009000103,462,万円
負債,50～59歳,2009000406,536,万円
負債,50～59歳,2009000709,555,万円
負債,50～59歳,2009001012,564,万円
負債,50～59歳,2010000103,558,万円
負債,50～59歳,2010000406,534,万円
負債,50～59歳,2010000709,575,万円
負債,50～59歳,2010001012,539,万円
負債,50～59歳,2011000103,487,万円
負債,50～59歳,2011000406,531,万円
負債,50～59歳,2011000709,591,万円
負債,50～59歳,2011001012,594,万円
負債,50～59歳,2012000103,572,万円
負債,50～59歳,2012000406,530,万円
負債,50～59歳,2012000709,495,万円
負債,50～59歳,2012001012,548,万円
負債,50～59歳,2013000103,631,万円
負債,50～59歳,2013000406,600,万円
負債,50～59歳,2013000709,590,万円
負債,50～59歳,2013001012,608,万円
負債,50～59歳,2014000103,622,万円
負債,50～59歳,2014000406,607,万円
負債,50～59歳,2014000709,700,万円
負債,50～59歳,2014001012,687,万円
負債,50～59歳,2015000103,657,万円
負債,50～59歳,2015000406,709,万円
負債,50～59歳,2015000709,627,万円
負債,50～59歳,2015001012,585,万円
負債,50～59歳,2016000103,610,万円
負債,50～59歳,2016000406,615,万円
負債,50～59歳,2016000709,572,万円
負債,50～59歳,2016001012,565,万円
負債,50～59歳,2017000103,614,万円
負債,50～59歳,2017000406,614,万円
負債,50～59歳,2017000709,625,万円
負債,50～59歳,2017001012,614,万円
負債,50～59歳,2018000103,647,万円
負債,50～59歳,2018000406,661,万円
負債,50～59歳,2018000709,694,万円
負債,50～59歳,2018001012,731,万円
負債,50～59歳,2019000103,644,万円
負債,50～59歳,2019000406,644,万円
負債,50～59歳,2019000709,684,万円
負債,50～59歳,2019001012,635,万円
負債,50～59歳,2020000103,688,万円
負債,50～59歳,2020000406,770,万円
負債,50～59歳,2020000709,682,万円
負債,50～59歳,2020001012,657,万円
負債,50～59歳,2021000103,672,万円
負債,50～59歳,2021000406,706,万円
負債,50～59歳,2021000709,738,万円
負債,50～59歳,2021001012,650,万円
負債,50～59歳,2022000103,586,万円
負債,50～59歳,2022000406,594,万円
負債,50～59歳,2022000709,626,万円
負債,50～59歳,2022001012,675,万円
負債,50～59歳,2023000103,673,万円
負債,50～59歳,2023000406,727,万円
負債,50～59歳,2023000709,746,万円
負債,50～59歳,2023001012,713,万円
負債,50～59歳,2024000103,693,万円
負債,50～59歳,2024000406,723,万円
負債,50～59歳,2024000709,738,万円
負債,50～59歳,2024001012,760,万円
負債,50～59歳,2025000103,763,万円
負債,50～59歳,2025000406,763,万円
負債,50～59歳,2025000709,710,万円
負債,50～59歳,2025001012,735,万円
負債,60～69歳,2002000103,315,万円
負債,60～69歳,2002000406,362,万円
負債,60～69歳,2002000709,316,万円
負債,60～69歳,2002001012,244,万円
負債,60～69歳,2003000103,215,万円
負債,60～69歳,2003000406,236,万円
負債,60～69歳,2003000709,239,万円
負債,60～69歳,2003001012,216,万円
負債,60～69歳,2004000103,236,万円
負債,60～69歳,2004000406,269,万円
負債,60～69歳,2004000709,272,万円
負債,60～69歳,2004001012,230,万円
負債,60～69歳,2005000103,201,万円
負債,60～69歳,2005000406,221,万円
負債,60～69歳,2005000709,226,万円
負債,60～69歳,2005001012,246,万円
負債,60～69歳,2006000103,264,万円
負債,60～69歳,2006000406,267,万円
負債,60～69歳,2006000709,251,万円
負債,60～69歳,2006001012,236,万円
負債,60～69歳,2007000103,201,万円
負債,60～69歳,2007000406,199,万円
負債,60～69歳,2007000709,230,万円
負債,60～69歳,2007001012,252,万円
負債,60～69歳,2008000103,202,万円
負債,60～69歳,2008000406,203,万円
負債,60～69歳,2008000709,236,万円
負債,60～69歳,2008001012,229,万円
負債,60～69歳,2009000103,202,万円
負債,60～69歳,2009000406,210,万円
負債,60～69歳,2009000709,192,万円
負債,60～69歳,2009001012,201,万円
負債,60～69歳,2010000103,231,万円
負債,60～69歳,2010000406,209,万円
負債,60～69歳,2010000709,197,万円
負債,60～69歳,2010001012,245,万円
負債,60～69歳,2011000103,271,万円
負債,60～69歳,2011000406,205,万円
負債,60～69歳,2011000709,198,万円
負債,60～69歳,2011001012,231,万円
負債,60～69歳,2012000103,207,万円
負債,60～69歳,2012000406,219,万円
負債,60～69歳,2012000709,200,万円
負債,60～69歳,2012001012,160,万円
負債,60～69歳,2013000103,200,万円
負債,60～69歳,2013000406,211,万円
負債,60～69歳,2013000709,199,万円
負債,60～69歳,2013001012,208,万円
負債,60～69歳,2014000103,235,万円
負債,60～69歳,2014000406,249,万円
負債,60～69歳,2014000709,206,万円
負債,60～69歳,2014001012,161,万円
負債,60～69歳,2015000103,182,万円
負債,60～69歳,2015000406,213,万円
負債,60～69歳,2015000709,190,万円
負債,60～69歳,2015001012,201,万円
負債,60～69歳,2016000103,251,万円
負債,60～69歳,2016000406,237,万円
負債,60～69歳,2016000709,197,万円
負債,60～69歳,2016001012,196,万円
負債,60～69歳,2017000103,215,万円
負債,60～69歳,2017000406,193,万円
負債,60～69歳,2017000709,198,万円
負債,60～69歳,2017001012,215,万円
負債,60～69歳,2018000103,207,万円
負債,60～69歳,2018000406,209,万円
負債,60～69歳,2018000709,199,万円
負債,60～69歳,2018001012,213,万円
負債,60～69歳,2019000103,214,万円
負債,60～69歳,2019000406,242,万円
負債,60～69歳,2019000709,292,万円
負債,60～69歳,2019001012,253,万円
負債,60～69歳,2020000103,210,万円
負債,60～69歳,2020000406,208,万円
負債,60～69歳,2020000709,249,万円
負債,60～69歳,2020001012,302,万円
負債,60～69歳,2021000103,267,万円
負債,60～69歳,2021000406,176,万円
負債,60～69歳,2021000709,186,万円
負債,60～69歳,2021001012,225,万円
負債,60～69歳,2022000103,241,万円
負債,60～69歳,2022000406,227,万円
負債,60～69歳,2022000709,195,万円
負債,60～69歳,2022001012,166,万円
負債,60～69歳,2023000103,185,万円
負債,60～69歳,2023000406,180,万円
負債,60～69歳,2023000709,193,万円
負債,60～69歳,2023001012,245,万円
負債,60～69歳,2024000103,281,万円
負債,60～69歳,2024000406,307,万円
負債,60～69歳,2024000709,266,万円
負債,60～69歳,2024001012,226,万円
負債,60～69歳,2025000103,219,万円
負債,60～69歳,2025000406,222,万円
負債,60～69歳,2025000709,254,万円
負債,60～69歳,2025001012,242,万円
負債,70歳以上,2002000103,146,万円
負債,70歳以上,2002000406,133,万円
負債,70歳以上,2002000709,182,万円
負債,70歳以上,2002001012,207,万円
負債,70歳以上,2003000103,167,万円
負債,70歳以上,2003000406,159,万円
負債,70歳以上,2003000709,167,万円
負債,70歳以上,2003001012,144,万円
負債,70歳以上,2004000103,110,万円
負債,70歳以上,2004000406,108,万円
負債,70歳以上,2004000709,105,万円
負債,70歳以上,2004001012,142,万円
負債,70歳以上,2005000103,181,万円
負債,70歳以上,2005000406,183,万円
負債,70歳以上,2005000709,156,万円
負債,70歳以上,2005001012,148,万円
負債,70歳以上,2006000103,168,万円
負債,70歳以上,2006000406,140,万円
負債,70歳以上,2006000709,97,万円
負債,70歳以上,2006001012,79,万円
負債,70歳以上,2007000103,74,万円
負債,70歳以上,2007000406,96,万円
負債,70歳以上,2007000709,94,万円
負債,70歳以上,2007001012,96,万円
負債,70歳以上,2008000103,111,万円
負債,70歳以上,2008000406,125,万円
負債,70歳以上,2008000709,137,万円
負債,70歳以上,2008001012,125,万円
負債,70歳以上,2009000103,113,万円
負債,70歳以上,2009000406,101,万円
負債,70歳以上,2009000709,112,万円
負債,70歳以上,2009001012,137,万円
負債,70歳以上,2010000103,108,万円
負債,70歳以上,2010000406,106,万円
負債,70歳以上,2010000709,112,万円
負債,70歳以上,2010001012,104,万円
負債,70歳以上,2011000103,95,万円
負債,70歳以上,2011000406,84,万円
負債,70歳以上,2011000709,85,万円
負債,70歳以上,2011001012,97,万円
負債,70歳以上,2012000103,107,万円
負債,70歳以上,2012000406,90,万円
負債,70歳以上,2012000709,82,万円
負債,70歳以上,2012001012,105,万円
負債,70歳以上,2013000103,103,万円
負債,70歳以上,2013000406,79,万円
負債,70歳以上,2013000709,98,万円
負債,70歳以上,2013001012,93,万円
負債,70歳以上,2014000103,67,万円
負債,70歳以上,2014000406,76,万円
負債,70歳以上,2014000709,87,万円
負債,70歳以上,2014001012,81,万円
負債,70歳以上,2015000103,86,万円
負債,70歳以上,2015000406,89,万円
負債,70歳以上,2015000709,81,万円
負債,70歳以上,2015001012,78,万円
負債,70歳以上,2016000103,94,万円
負債,70歳以上,2016000406,115,万円
負債,70歳以上,2016000709,80,万円
負債,70歳以上,2016001012,70,万円
負債,70歳以上,2017000103,108,万円
負債,70歳以上,2017000406,125,万円
負債,70歳以上,2017000709,107,万円
負債,70歳以上,2017001012,146,万円
負債,70歳以上,2018000103,139,万円
負債,70歳以上,2018000406,101,万円
負債,70歳以上,2018000709,86,万円
負債,70歳以上,2018001012,90,万円
負債,70歳以上,2019000103,79,万円
負債,70歳以上,2019000406,69,万円
負債,70歳以上,2019000709,57,万円
負債,70歳以上,2019001012,76,万円
負債,70歳以上,2020000103,92,万円
負債,70歳以上,2020000406,102,万円
負債,70歳以上,2020000709,84,万円
負債,70歳以上,2020001012,67,万円
負債,70歳以上,2021000103,83,万円
負債,70歳以上,2021000406,89,万円
負債,70歳以上,2021000709,82,万円
負債,70歳以上,2021001012,88,万円
負債,70歳以上,2022000103,85,万円
負債,70歳以上,2022000406,78,万円
負債,70歳以上,2022000709,90,万円
負債,70歳以上,2022001012,109,万円
負債,70歳以上,2023000103,98,万円
負債,70歳以上,2023000406,68,万円
負債,70歳以上,2023000709,73,万円
負債,70歳以上,2023001012,73,万円
負債,70歳以上,2024000103,51,万円
負債,70歳以上,2024000406,53,万円
負債,70歳以上,2024000709,63,万円
負債,70歳以上,2024001012,58,万円
負債,70歳以上,2025000103,53,万円
負債,70歳以上,2025000406,80,万円
負債,70歳以上,2025000709,106,万円
負債,70歳以上,2025001012,85,万円
