貯蓄現在高階級,年,世帯数分布
1000～1200万円,2002,639
100万円未満,2002,756
100～200万円,2002,545
1200～1400万円,2002,536
1400～1600万円,2002,440
1600～1800万円,2002,406
1800～2000万円,2002,295
2000～2500万円,2002,636
200～300万円,2002,558
2500～3000万円,2002,465
3000～4000万円,2002,589
300～400万円,2002,531
4000万円以上,2002,988
400～500万円,2002,476
500～600万円,2002,484
600～700万円,2002,454
700～800万円,2002,441
800～900万円,2002,400
900～1000万円,2002,362
1000～1200万円,2003,607
100万円未満,2003,785
100～200万円,2003,541
1200～1400万円,2003,527
1400～1600万円,2003,468
1600～1800万円,2003,365
1800～2000万円,2003,309
2000～2500万円,2003,650
200～300万円,2003,511
2500～3000万円,2003,487
3000～4000万円,2003,590
300～400万円,2003,487
4000万円以上,2003,991
400～500万円,2003,495
500～600万円,2003,499
600～700万円,2003,506
700～800万円,2003,436
800～900万円,2003,387
900～1000万円,2003,357
1000～1200万円,2004,671
100万円未満,2004,829
100～200万円,2004,548
1200～1400万円,2004,496
1400～1600万円,2004,447
1600～1800万円,2004,341
1800～2000万円,2004,333
2000～2500万円,2004,626
200～300万円,2004,546
2500～3000万円,2004,462
3000～4000万円,2004,642
300～400万円,2004,532
4000万円以上,2004,992
400～500万円,2004,481
500～600万円,2004,435
600～700万円,2004,469
700～800万円,2004,421
800～900万円,2004,376
900～1000万円,2004,355
1000～1200万円,2005,617
100万円未満,2005,886
100～200万円,2005,525
1200～1400万円,2005,509
1400～1600万円,2005,450
1600～1800万円,2005,350
1800～2000万円,2005,304
2000～2500万円,2005,667
200～300万円,2005,506
2500～3000万円,2005,486
3000～4000万円,2005,617
300～400万円,2005,559
4000万円以上,2005,1071
400～500万円,2005,487
500～600万円,2005,462
600～700万円,2005,415
700～800万円,2005,403
800～900万円,2005,389
900～1000万円,2005,299
1000～1200万円,2006,579
100万円未満,2006,1000
100～200万円,2006,577
1200～1400万円,2006,481
1400～1600万円,2006,449
1600～1800万円,2006,309
1800～2000万円,2006,287
2000～2500万円,2006,636
200～300万円,2006,540
2500～3000万円,2006,418
3000～4000万円,2006,621
300～400万円,2006,504
4000万円以上,2006,1126
400～500万円,2006,466
500～600万円,2006,490
600～700万円,2006,432
700～800万円,2006,420
800～900万円,2006,363
900～1000万円,2006,302
1000～1200万円,2007,603
100万円未満,2007,934
100～200万円,2007,546
1200～1400万円,2007,471
1400～1600万円,2007,428
1600～1800万円,2007,369
1800～2000万円,2007,274
2000～2500万円,2007,594
200～300万円,2007,574
2500～3000万円,2007,481
3000～4000万円,2007,670
300～400万円,2007,521
4000万円以上,2007,1051
400～500万円,2007,493
500～600万円,2007,478
600～700万円,2007,445
700～800万円,2007,385
800～900万円,2007,353
900～1000万円,2007,327
1000～1200万円,2008,571
100万円未満,2008,1067
100～200万円,2008,578
1200～1400万円,2008,471
1400～1600万円,2008,412
1600～1800万円,2008,334
1800～2000万円,2008,304
2000～2500万円,2008,639
200～300万円,2008,555
2500～3000万円,2008,452
3000～4000万円,2008,604
300～400万円,2008,518
4000万円以上,2008,1045
400～500万円,2008,478
500～600万円,2008,487
600～700万円,2008,453
700～800万円,2008,374
800～900万円,2008,333
900～1000万円,2008,326
1000～1200万円,2009,625
100万円未満,2009,1066
100～200万円,2009,610
1200～1400万円,2009,469
1400～1600万円,2009,378
1600～1800万円,2009,329
1800～2000万円,2009,299
2000～2500万円,2009,620
200～300万円,2009,566
2500～3000万円,2009,451
3000～4000万円,2009,612
300～400万円,2009,521
4000万円以上,2009,995
400～500万円,2009,516
500～600万円,2009,444
600～700万円,2009,419
700～800万円,2009,367
800～900万円,2009,369
900～1000万円,2009,341
1000～1200万円,2010,592
100万円未満,2010,1130
100～200万円,2010,564
1200～1400万円,2010,445
1400～1600万円,2010,408
1600～1800万円,2010,347
1800～2000万円,2010,296
2000～2500万円,2010,638
200～300万円,2010,562
2500～3000万円,2010,473
3000～4000万円,2010,602
300～400万円,2010,561
4000万円以上,2010,1022
400～500万円,2010,455
500～600万円,2010,497
600～700万円,2010,400
700～800万円,2010,348
800～900万円,2010,351
900～1000万円,2010,308
1000～1200万円,2011,592
100万円未満,2011,1125
100～200万円,2011,620
1200～1400万円,2011,470
1400～1600万円,2011,411
1600～1800万円,2011,356
1800～2000万円,2011,243
2000～2500万円,2011,622
200～300万円,2011,526
2500～3000万円,2011,484
3000～4000万円,2011,605
300～400万円,2011,516
4000万円以上,2011,1015
400～500万円,2011,490
500～600万円,2011,453
600～700万円,2011,418
700～800万円,2011,378
800～900万円,2011,345
900～1000万円,2011,331
1000～1200万円,2012,549
100万円未満,2012,1058
100～200万円,2012,589
1200～1400万円,2012,508
1400～1600万円,2012,394
1600～1800万円,2012,353
1800～2000万円,2012,289
2000～2500万円,2012,604
200～300万円,2012,565
2500～3000万円,2012,450
3000～4000万円,2012,640
300～400万円,2012,501
4000万円以上,2012,1042
400～500万円,2012,460
500～600万円,2012,465
600～700万円,2012,440
700～800万円,2012,389
800～900万円,2012,375
900～1000万円,2012,329
1000～1200万円,2013,561
100万円未満,2013,1004
100～200万円,2013,636
1200～1400万円,2013,471
1400～1600万円,2013,438
1600～1800万円,2013,364
1800～2000万円,2013,294
2000～2500万円,2013,643
200～300万円,2013,514
2500～3000万円,2013,440
3000～4000万円,2013,609
300～400万円,2013,558
4000万円以上,2013,1105
400～500万円,2013,483
500～600万円,2013,468
600～700万円,2013,407
700～800万円,2013,414
800～900万円,2013,305
900～1000万円,2013,286
1000～1200万円,2014,575
100万円未満,2014,1026
100～200万円,2014,598
1200～1400万円,2014,446
1400～1600万円,2014,421
1600～1800万円,2014,320
1800～2000万円,2014,321
2000～2500万円,2014,670
200～300万円,2014,574
2500～3000万円,2014,463
3000～4000万円,2014,650
300～400万円,2014,505
4000万円以上,2014,1138
400～500万円,2014,418
500～600万円,2014,499
600～700万円,2014,406
700～800万円,2014,337
800～900万円,2014,309
900～1000万円,2014,324
1000～1200万円,2015,579
100万円未満,2015,1108
100～200万円,2015,574
1200～1400万円,2015,484
1400～1600万円,2015,417
1600～1800万円,2015,337
1800～2000万円,2015,294
2000～2500万円,2015,608
200～300万円,2015,565
2500～3000万円,2015,473
3000～4000万円,2015,616
300～400万円,2015,506
4000万円以上,2015,1213
400～500万円,2015,440
500～600万円,2015,455
600～700万円,2015,388
700～800万円,2015,348
800～900万円,2015,311
900～1000万円,2015,284
1000～1200万円,2016,560
100万円未満,2016,1051
100～200万円,2016,619
1200～1400万円,2016,480
1400～1600万円,2016,414
1600～1800万円,2016,309
1800～2000万円,2016,290
2000～2500万円,2016,626
200～300万円,2016,565
2500～3000万円,2016,446
3000～4000万円,2016,636
300～400万円,2016,501
4000万円以上,2016,1257
400～500万円,2016,446
500～600万円,2016,486
600～700万円,2016,386
700～800万円,2016,338
800～900万円,2016,326
900～1000万円,2016,266
1000～1200万円,2017,556
100万円未満,2017,996
100～200万円,2017,531
1200～1400万円,2017,472
1400～1600万円,2017,413
1600～1800万円,2017,323
1800～2000万円,2017,314
2000～2500万円,2017,632
200～300万円,2017,524
2500～3000万円,2017,495
3000～4000万円,2017,695
300～400万円,2017,531
4000万円以上,2017,1183
400～500万円,2017,462
500～600万円,2017,411
600～700万円,2017,425
700～800万円,2017,371
800～900万円,2017,351
900～1000万円,2017,315
1000～1200万円,2018,603
100万円未満,2018,1096
100～200万円,2018,575
1200～1400万円,2018,468
1400～1600万円,2018,416
1600～1800万円,2018,320
1800～2000万円,2018,270
2000～2500万円,2018,633
200～300万円,2018,544
2500～3000万円,2018,467
3000～4000万円,2018,680
300～400万円,2018,561
4000万円以上,2018,1107
400～500万円,2018,474
500～600万円,2018,431
600～700万円,2018,397
700～800万円,2018,331
800～900万円,2018,337
900～1000万円,2018,291
1000～1200万円,2019,592
100万円未満,2019,1073
100～200万円,2019,597
1200～1400万円,2019,484
1400～1600万円,2019,396
1600～1800万円,2019,352
1800～2000万円,2019,299
2000～2500万円,2019,595
200～300万円,2019,532
2500～3000万円,2019,475
3000～4000万円,2019,623
300～400万円,2019,511
4000万円以上,2019,1140
400～500万円,2019,442
500～600万円,2019,488
600～700万円,2019,415
700～800万円,2019,369
800～900万円,2019,348
900～1000万円,2019,268
1000～1200万円,2020,601
100万円未満,2020,1013
100～200万円,2020,576
1200～1400万円,2020,495
1400～1600万円,2020,406
1600～1800万円,2020,334
1800～2000万円,2020,282
2000～2500万円,2020,661
200～300万円,2020,527
2500～3000万円,2020,482
3000～4000万円,2020,638
300～400万円,2020,515
4000万円以上,2020,1205
400～500万円,2020,454
500～600万円,2020,452
600～700万円,2020,378
700～800万円,2020,378
800～900万円,2020,330
900～1000万円,2020,272
1000～1200万円,2021,527
100万円未満,2021,1050
100～200万円,2021,525
1200～1400万円,2021,491
1400～1600万円,2021,396
1600～1800万円,2021,360
1800～2000万円,2021,273
2000～2500万円,2021,642
200～300万円,2021,485
2500～3000万円,2021,478
3000～4000万円,2021,672
300～400万円,2021,504
4000万円以上,2021,1282
400～500万円,2021,423
500～600万円,2021,460
600～700万円,2021,402
700～800万円,2021,354
800～900万円,2021,370
900～1000万円,2021,306
1000～1200万円,2022,605
100万円未満,2022,966
100～200万円,2022,541
1200～1400万円,2022,466
1400～1600万円,2022,378
1600～1800万円,2022,387
1800～2000万円,2022,306
2000～2500万円,2022,704
200～300万円,2022,456
2500～3000万円,2022,528
3000～4000万円,2022,744
300～400万円,2022,456
4000万円以上,2022,1247
400～500万円,2022,420
500～600万円,2022,452
600～700万円,2022,360
700～800万円,2022,350
800～900万円,2022,361
900～1000万円,2022,272
1000～1200万円,2023,596
100万円未満,2023,1004
100～200万円,2023,547
1200～1400万円,2023,427
1400～1600万円,2023,411
1600～1800万円,2023,354
1800～2000万円,2023,295
2000～2500万円,2023,634
200～300万円,2023,488
2500～3000万円,2023,516
3000～4000万円,2023,671
300～400万円,2023,536
4000万円以上,2023,1293
400～500万円,2023,427
500～600万円,2023,490
600～700万円,2023,357
700～800万円,2023,341
800～900万円,2023,314
900～1000万円,2023,299
1000～1200万円,2024,580
100万円未満,2024,1021
100～200万円,2024,491
1200～1400万円,2024,446
1400～1600万円,2024,453
1600～1800万円,2024,304
1800～2000万円,2024,301
2000～2500万円,2024,665
200～300万円,2024,494
2500～3000万円,2024,511
3000～4000万円,2024,718
300～400万円,2024,491
4000万円以上,2024,1386
400～500万円,2024,405
500～600万円,2024,425
600～700万円,2024,391
700～800万円,2024,309
800～900万円,2024,331
900～1000万円,2024,278
1000～1200万円,2025,577
100万円未満,2025,1010
100～200万円,2025,543
1200～1400万円,2025,431
1400～1600万円,2025,425
1600～1800万円,2025,305
1800～2000万円,2025,313
2000～2500万円,2025,698
200～300万円,2025,484
2500～3000万円,2025,515
3000～4000万円,2025,746
300～400万円,2025,382
4000万円以上,2025,1517
400～500万円,2025,408
500～600万円,2025,418
600～700万円,2025,339
700～800万円,2025,325
800～900万円,2025,309
900～1000万円,2025,255
