項目,年齢階級,年間収入階級,値,単位
集計世帯数,30歳未満,平均,1050.0,
集計世帯数,30～39,平均,5980.0,
集計世帯数,40～49,平均,11100.0,
集計世帯数,50～59,平均,11320.0,
集計世帯数,60～69,平均,13950.0,
集計世帯数,70歳以上,平均,18600.0,
世帯数分布,30歳未満,平均,989671.0,
世帯数分布,30～39,平均,3869681.0,
世帯数分布,40～49,平均,6174306.0,
世帯数分布,50～59,平均,5899999.0,
世帯数分布,60～69,平均,6400334.0,
世帯数分布,70歳以上,平均,9302760.0,
世帯数分布,30歳未満,100万円未満,7209.0,
世帯数分布,30～39,100万円未満,14980.0,
世帯数分布,40～49,100万円未満,43521.0,
世帯数分布,50～59,100万円未満,30377.0,
世帯数分布,60～69,100万円未満,49507.0,
世帯数分布,70歳以上,100万円未満,103499.0,
世帯数分布,30歳未満,100～150万円,23394.0,
世帯数分布,30～39,100～150万円,38704.0,
世帯数分布,40～49,100～150万円,77383.0,
世帯数分布,50～59,100～150万円,68435.0,
世帯数分布,60～69,100～150万円,87776.0,
世帯数分布,70歳以上,100～150万円,218906.0,
世帯数分布,30歳未満,150～200万円,19831.0,
世帯数分布,30～39,150～200万円,40674.0,
世帯数分布,40～49,150～200万円,110511.0,
世帯数分布,50～59,150～200万円,105062.0,
世帯数分布,60～69,150～200万円,165600.0,
世帯数分布,70歳以上,150～200万円,453417.0,
世帯数分布,30歳未満,200～250万円,44535.0,
世帯数分布,30～39,200～250万円,102789.0,
世帯数分布,40～49,200～250万円,144160.0,
世帯数分布,50～59,200～250万円,135029.0,
世帯数分布,60～69,200～250万円,248436.0,
世帯数分布,70歳以上,200～250万円,609249.0,
世帯数分布,30歳未満,250～300万円,45495.0,
世帯数分布,30～39,250～300万円,89601.0,
世帯数分布,40～49,250～300万円,123604.0,
世帯数分布,50～59,250～300万円,134309.0,
世帯数分布,60～69,250～300万円,368220.0,
世帯数分布,70歳以上,250～300万円,1011358.0,
世帯数分布,30歳未満,300～350万円,62884.0,
世帯数分布,30～39,300～350万円,153141.0,
世帯数分布,40～49,300～350万円,188787.0,
世帯数分布,50～59,300～350万円,167252.0,
世帯数分布,60～69,300～350万円,444993.0,
世帯数分布,70歳以上,300～350万円,1190992.0,
世帯数分布,30歳未満,350～400万円,62787.0,
世帯数分布,30～39,350～400万円,191149.0,
世帯数分布,40～49,350～400万円,239804.0,
世帯数分布,50～59,350～400万円,181493.0,
世帯数分布,60～69,350～400万円,455408.0,
世帯数分布,70歳以上,350～400万円,1014691.0,
世帯数分布,30歳未満,400～450万円,108282.0,
世帯数分布,30～39,400～450万円,252186.0,
世帯数分布,40～49,400～450万円,340124.0,
世帯数分布,50～59,400～450万円,210486.0,
世帯数分布,60～69,400～450万円,455580.0,
世帯数分布,70歳以上,400～450万円,763890.0,
世帯数分布,30歳未満,450～500万円,101848.0,
世帯数分布,30～39,450～500万円,280350.0,
世帯数分布,40～49,450～500万円,280322.0,
世帯数分布,50～59,450～500万円,224314.0,
世帯数分布,60～69,450～500万円,439095.0,
世帯数分布,70歳以上,450～500万円,610779.0,
世帯数分布,30歳未満,500～550万円,77271.0,
世帯数分布,30～39,500～550万円,345157.0,
世帯数分布,40～49,500～550万円,370275.0,
世帯数分布,50～59,500～550万円,274356.0,
世帯数分布,60～69,500～550万円,433867.0,
世帯数分布,70歳以上,500～550万円,492356.0,
世帯数分布,30歳未満,550～600万円,63355.0,
世帯数分布,30～39,550～600万円,294936.0,
世帯数分布,40～49,550～600万円,397730.0,
世帯数分布,50～59,550～600万円,255307.0,
世帯数分布,60～69,550～600万円,361233.0,
世帯数分布,70歳以上,550～600万円,391818.0,
世帯数分布,30歳未満,600～650万円,81575.0,
世帯数分布,30～39,600～650万円,334509.0,
世帯数分布,40～49,600～650万円,463099.0,
世帯数分布,50～59,600～650万円,318000.0,
世帯数分布,60～69,600～650万円,347361.0,
世帯数分布,70歳以上,600～650万円,310265.0,
世帯数分布,30歳未満,650～700万円,48527.0,
世帯数分布,30～39,650～700万円,260212.0,
世帯数分布,40～49,650～700万円,360861.0,
世帯数分布,50～59,650～700万円,263895.0,
世帯数分布,60～69,650～700万円,273136.0,
世帯数分布,70歳以上,650～700万円,268762.0,
世帯数分布,30歳未満,700～750万円,41502.0,
世帯数分布,30～39,700～750万円,254702.0,
世帯数分布,40～49,700～750万円,402217.0,
世帯数分布,50～59,700～750万円,317674.0,
世帯数分布,60～69,700～750万円,280588.0,
世帯数分布,70歳以上,700～750万円,223824.0,
世帯数分布,30歳未満,750～800万円,44682.0,
世帯数分布,30～39,750～800万円,193582.0,
世帯数分布,40～49,750～800万円,314640.0,
世帯数分布,50～59,750～800万円,270222.0,
世帯数分布,60～69,750～800万円,230851.0,
世帯数分布,70歳以上,750～800万円,229076.0,
世帯数分布,30歳未満,800～850万円,47998.0,
世帯数分布,30～39,800～850万円,184897.0,
世帯数分布,40～49,800～850万円,371108.0,
世帯数分布,50～59,800～850万円,296210.0,
世帯数分布,60～69,800～850万円,231203.0,
世帯数分布,70歳以上,800～850万円,188680.0,
世帯数分布,30歳未満,850～900万円,16427.0,
世帯数分布,30～39,850～900万円,160757.0,
世帯数分布,40～49,850～900万円,261894.0,
世帯数分布,50～59,850～900万円,250652.0,
世帯数分布,60～69,850～900万円,189310.0,
世帯数分布,70歳以上,850～900万円,162207.0,
世帯数分布,30歳未満,900～950万円,36428.0,
世帯数分布,30～39,900～950万円,123274.0,
世帯数分布,40～49,900～950万円,262345.0,
世帯数分布,50～59,900～950万円,300022.0,
世帯数分布,60～69,900～950万円,147017.0,
世帯数分布,70歳以上,900～950万円,121329.0,
世帯数分布,30歳未満,950～1000万円,16956.0,
世帯数分布,30～39,950～1000万円,79422.0,
世帯数分布,40～49,950～1000万円,173837.0,
世帯数分布,50～59,950～1000万円,208623.0,
世帯数分布,60～69,950～1000万円,135562.0,
世帯数分布,70歳以上,950～1000万円,119929.0,
世帯数分布,30歳未満,1000～1050万円,11455.0,
世帯数分布,30～39,1000～1050万円,105262.0,
世帯数分布,40～49,1000～1050万円,245325.0,
世帯数分布,50～59,1000～1050万円,222550.0,
世帯数分布,60～69,1000～1050万円,131302.0,
世帯数分布,70歳以上,1000～1050万円,104173.0,
世帯数分布,30歳未満,1050～1100万円,2227.0,
世帯数分布,30～39,1050～1100万円,48594.0,
世帯数分布,40～49,1050～1100万円,122162.0,
世帯数分布,50～59,1050～1100万円,171285.0,
世帯数分布,60～69,1050～1100万円,102883.0,
世帯数分布,70歳以上,1050～1100万円,107691.0,
世帯数分布,30歳未満,1100～1150万円,2545.0,
世帯数分布,30～39,1100～1150万円,57819.0,
世帯数分布,40～49,1100～1150万円,141403.0,
世帯数分布,50～59,1100～1150万円,171928.0,
世帯数分布,60～69,1100～1150万円,84289.0,
世帯数分布,70歳以上,1100～1150万円,73137.0,
世帯数分布,30歳未満,1150～1200万円,5500.0,
世帯数分布,30～39,1150～1200万円,31146.0,
世帯数分布,40～49,1150～1200万円,91340.0,
世帯数分布,50～59,1150～1200万円,135120.0,
世帯数分布,60～69,1150～1200万円,72796.0,
世帯数分布,70歳以上,1150～1200万円,60333.0,
世帯数分布,30歳未満,1200～1250万円,6207.0,
世帯数分布,30～39,1200～1250万円,55107.0,
世帯数分布,40～49,1200～1250万円,99065.0,
世帯数分布,50～59,1200～1250万円,150236.0,
世帯数分布,60～69,1200～1250万円,76251.0,
世帯数分布,70歳以上,1200～1250万円,62922.0,
世帯数分布,30歳未満,1250～1300万円,664.0,
世帯数分布,30～39,1250～1300万円,33146.0,
世帯数分布,40～49,1250～1300万円,62256.0,
世帯数分布,50～59,1250～1300万円,103012.0,
世帯数分布,60～69,1250～1300万円,60052.0,
世帯数分布,70歳以上,1250～1300万円,44960.0,
世帯数分布,30歳未満,1300～1350万円,1065.0,
世帯数分布,30～39,1300～1350万円,24657.0,
世帯数分布,40～49,1300～1350万円,67132.0,
世帯数分布,50～59,1300～1350万円,110384.0,
世帯数分布,60～69,1300～1350万円,55150.0,
世帯数分布,70歳以上,1300～1350万円,42801.0,
世帯数分布,30～39,1350～1400万円,15223.0,
世帯数分布,40～49,1350～1400万円,52276.0,
世帯数分布,50～59,1350～1400万円,83445.0,
世帯数分布,60～69,1350～1400万円,48792.0,
世帯数分布,70歳以上,1350～1400万円,38102.0,
世帯数分布,30歳未満,1400～1450万円,3080.0,
世帯数分布,30～39,1400～1450万円,10354.0,
世帯数分布,40～49,1400～1450万円,50144.0,
世帯数分布,50～59,1400～1450万円,88277.0,
世帯数分布,60～69,1400～1450万円,51361.0,
世帯数分布,70歳以上,1400～1450万円,26126.0,
世帯数分布,30歳未満,1450～1500万円,634.0,
世帯数分布,30～39,1450～1500万円,5143.0,
世帯数分布,40～49,1450～1500万円,48827.0,
世帯数分布,50～59,1450～1500万円,74227.0,
世帯数分布,60～69,1450～1500万円,25773.0,
世帯数分布,70歳以上,1450～1500万円,23456.0,
世帯数分布,30歳未満,1500～1550万円,3267.0,
世帯数分布,30～39,1500～1550万円,6929.0,
世帯数分布,40～49,1500～1550万円,44156.0,
世帯数分布,50～59,1500～1550万円,96231.0,
世帯数分布,60～69,1500～1550万円,28482.0,
世帯数分布,70歳以上,1500～1550万円,15530.0,
世帯数分布,30歳未満,1550～1600万円,1041.0,
世帯数分布,30～39,1550～1600万円,9053.0,
世帯数分布,40～49,1550～1600万円,17598.0,
世帯数分布,50～59,1550～1600万円,48767.0,
世帯数分布,60～69,1550～1600万円,25748.0,
世帯数分布,70歳以上,1550～1600万円,16985.0,
世帯数分布,30～39,1600～1650万円,6935.0,
世帯数分布,40～49,1600～1650万円,30170.0,
世帯数分布,50～59,1600～1650万円,49807.0,
世帯数分布,60～69,1600～1650万円,22262.0,
世帯数分布,70歳以上,1600～1650万円,15065.0,
世帯数分布,30～39,1650～1700万円,6321.0,
世帯数分布,40～49,1650～1700万円,15195.0,
世帯数分布,50～59,1650～1700万円,35504.0,
世帯数分布,60～69,1650～1700万円,17935.0,
世帯数分布,70歳以上,1650～1700万円,23330.0,
世帯数分布,30～39,1700～1750万円,9088.0,
世帯数分布,40～49,1700～1750万円,21288.0,
世帯数分布,50～59,1700～1750万円,51632.0,
世帯数分布,60～69,1700～1750万円,22189.0,
世帯数分布,70歳以上,1700～1750万円,14740.0,
世帯数分布,30歳未満,1750～1800万円,999.0,
世帯数分布,30～39,1750～1800万円,2029.0,
世帯数分布,40～49,1750～1800万円,15865.0,
世帯数分布,50～59,1750～1800万円,29649.0,
世帯数分布,60～69,1750～1800万円,11261.0,
世帯数分布,70歳以上,1750～1800万円,17980.0,
世帯数分布,30～39,1800～1850万円,22635.0,
世帯数分布,40～49,1800～1850万円,20047.0,
世帯数分布,50～59,1800～1850万円,43671.0,
世帯数分布,60～69,1800～1850万円,15669.0,
世帯数分布,70歳以上,1800～1850万円,8232.0,
世帯数分布,30～39,1850～1900万円,579.0,
世帯数分布,40～49,1850～1900万円,8900.0,
世帯数分布,50～59,1850～1900万円,19951.0,
世帯数分布,60～69,1850～1900万円,13536.0,
世帯数分布,70歳以上,1850～1900万円,4100.0,
世帯数分布,30～39,1900～1950万円,1220.0,
世帯数分布,40～49,1900～1950万円,6308.0,
世帯数分布,50～59,1900～1950万円,24032.0,
世帯数分布,60～69,1900～1950万円,13834.0,
世帯数分布,70歳以上,1900～1950万円,2743.0,
世帯数分布,30～39,1950～2000万円,1081.0,
世帯数分布,40～49,1950～2000万円,4374.0,
世帯数分布,50～59,1950～2000万円,6883.0,
世帯数分布,60～69,1950～2000万円,14914.0,
世帯数分布,70歳以上,1950～2000万円,5215.0,
世帯数分布,30～39,2000万円以上,22340.0,
世帯数分布,40～49,2000万円以上,84254.0,
世帯数分布,50～59,2000万円以上,171687.0,
世帯数分布,60～69,2000万円以上,161109.0,
世帯数分布,70歳以上,2000万円以上,110111.0,
年間収入額,30歳未満,平均,542.9,万円
年間収入額,30～39,平均,665.2,万円
年間収入額,40～49,平均,749.0,万円
年間収入額,50～59,平均,875.1,万円
年間収入額,60～69,平均,685.0,万円
年間収入額,70歳以上,平均,524.4,万円
年間収入額,30歳未満,100万円未満,59.0,万円
年間収入額,30～39,100万円未満,73.1,万円
年間収入額,40～49,100万円未満,68.4,万円
年間収入額,50～59,100万円未満,59.0,万円
年間収入額,60～69,100万円未満,64.0,万円
年間収入額,70歳以上,100万円未満,66.8,万円
年間収入額,30歳未満,100～150万円,129.7,万円
年間収入額,30～39,100～150万円,123.8,万円
年間収入額,40～49,100～150万円,124.3,万円
年間収入額,50～59,100～150万円,127.3,万円
年間収入額,60～69,100～150万円,128.2,万円
年間収入額,70歳以上,100～150万円,127.0,万円
年間収入額,30歳未満,150～200万円,169.7,万円
年間収入額,30～39,150～200万円,175.8,万円
年間収入額,40～49,150～200万円,173.4,万円
年間収入額,50～59,150～200万円,175.4,万円
年間収入額,60～69,150～200万円,174.5,万円
年間収入額,70歳以上,150～200万円,176.3,万円
年間収入額,30歳未満,200～250万円,217.1,万円
年間収入額,30～39,200～250万円,226.6,万円
年間収入額,40～49,200～250万円,223.2,万円
年間収入額,50～59,200～250万円,222.8,万円
年間収入額,60～69,200～250万円,224.5,万円
年間収入額,70歳以上,200～250万円,226.6,万円
年間収入額,30歳未満,250～300万円,264.8,万円
年間収入額,30～39,250～300万円,272.5,万円
年間収入額,40～49,250～300万円,271.7,万円
年間収入額,50～59,250～300万円,272.5,万円
年間収入額,60～69,250～300万円,273.9,万円
年間収入額,70歳以上,250～300万円,275.2,万円
年間収入額,30歳未満,300～350万円,317.7,万円
年間収入額,30～39,300～350万円,319.3,万円
年間収入額,40～49,300～350万円,320.0,万円
年間収入額,50～59,300～350万円,318.2,万円
年間収入額,60～69,300～350万円,322.5,万円
年間収入額,70歳以上,300～350万円,323.9,万円
年間収入額,30歳未満,350～400万円,370.4,万円
年間収入額,30～39,350～400万円,371.6,万円
年間収入額,40～49,350～400万円,373.0,万円
年間収入額,50～59,350～400万円,373.6,万円
年間収入額,60～69,350～400万円,373.2,万円
年間収入額,70歳以上,350～400万円,372.4,万円
年間収入額,30歳未満,400～450万円,417.8,万円
年間収入額,30～39,400～450万円,420.1,万円
年間収入額,40～49,400～450万円,421.6,万円
年間収入額,50～59,400～450万円,420.8,万円
年間収入額,60～69,400～450万円,423.6,万円
年間収入額,70歳以上,400～450万円,422.9,万円
年間収入額,30歳未満,450～500万円,471.5,万円
年間収入額,30～39,450～500万円,470.3,万円
年間収入額,40～49,450～500万円,472.2,万円
年間収入額,50～59,450～500万円,471.2,万円
年間収入額,60～69,450～500万円,473.0,万円
年間収入額,70歳以上,450～500万円,473.3,万円
年間収入額,30歳未満,500～550万円,517.4,万円
年間収入額,30～39,500～550万円,519.3,万円
年間収入額,40～49,500～550万円,519.6,万円
年間収入額,50～59,500～550万円,517.2,万円
年間収入額,60～69,500～550万円,521.4,万円
年間収入額,70歳以上,500～550万円,523.1,万円
年間収入額,30歳未満,550～600万円,567.8,万円
年間収入額,30～39,550～600万円,570.6,万円
年間収入額,40～49,550～600万円,571.4,万円
年間収入額,50～59,550～600万円,571.7,万円
年間収入額,60～69,550～600万円,572.6,万円
年間収入額,70歳以上,550～600万円,573.9,万円
年間収入額,30歳未満,600～650万円,613.9,万円
年間収入額,30～39,600～650万円,617.2,万円
年間収入額,40～49,600～650万円,617.3,万円
年間収入額,50～59,600～650万円,617.1,万円
年間収入額,60～69,600～650万円,621.8,万円
年間収入額,70歳以上,600～650万円,622.3,万円
年間収入額,30歳未満,650～700万円,666.1,万円
年間収入額,30～39,650～700万円,669.4,万円
年間収入額,40～49,650～700万円,671.4,万円
年間収入額,50～59,650～700万円,672.4,万円
年間収入額,60～69,650～700万円,672.5,万円
年間収入額,70歳以上,650～700万円,673.8,万円
年間収入額,30歳未満,700～750万円,719.8,万円
年間収入額,30～39,700～750万円,717.6,万円
年間収入額,40～49,700～750万円,716.8,万円
年間収入額,50～59,700～750万円,717.2,万円
年間収入額,60～69,700～750万円,721.9,万円
年間収入額,70歳以上,700～750万円,722.7,万円
年間収入額,30歳未満,750～800万円,769.1,万円
年間収入額,30～39,750～800万円,768.2,万円
年間収入額,40～49,750～800万円,770.5,万円
年間収入額,50～59,750～800万円,769.4,万円
年間収入額,60～69,750～800万円,772.5,万円
年間収入額,70歳以上,750～800万円,773.6,万円
年間収入額,30歳未満,800～850万円,817.0,万円
年間収入額,30～39,800～850万円,817.0,万円
年間収入額,40～49,800～850万円,816.6,万円
年間収入額,50～59,800～850万円,818.0,万円
年間収入額,60～69,800～850万円,821.4,万円
年間収入額,70歳以上,800～850万円,822.5,万円
年間収入額,30歳未満,850～900万円,866.3,万円
年間収入額,30～39,850～900万円,869.3,万円
年間収入額,40～49,850～900万円,869.6,万円
年間収入額,50～59,850～900万円,869.9,万円
年間収入額,60～69,850～900万円,873.8,万円
年間収入額,70歳以上,850～900万円,872.4,万円
年間収入額,30歳未満,900～950万円,907.1,万円
年間収入額,30～39,900～950万円,915.6,万円
年間収入額,40～49,900～950万円,917.3,万円
年間収入額,50～59,900～950万円,917.2,万円
年間収入額,60～69,900～950万円,920.0,万円
年間収入額,70歳以上,900～950万円,922.6,万円
年間収入額,30歳未満,950～1000万円,970.0,万円
年間収入額,30～39,950～1000万円,970.0,万円
年間収入額,40～49,950～1000万円,971.2,万円
年間収入額,50～59,950～1000万円,972.3,万円
年間収入額,60～69,950～1000万円,973.3,万円
年間収入額,70歳以上,950～1000万円,974.8,万円
年間収入額,30歳未満,1000～1050万円,1015.7,万円
年間収入額,30～39,1000～1050万円,1008.2,万円
年間収入額,40～49,1000～1050万円,1015.0,万円
年間収入額,50～59,1000～1050万円,1014.9,万円
年間収入額,60～69,1000～1050万円,1021.6,万円
年間収入額,70歳以上,1000～1050万円,1022.5,万円
年間収入額,30歳未満,1050～1100万円,1081.4,万円
年間収入額,30～39,1050～1100万円,1070.9,万円
年間収入額,40～49,1050～1100万円,1070.3,万円
年間収入額,50～59,1050～1100万円,1073.0,万円
年間収入額,60～69,1050～1100万円,1071.2,万円
年間収入額,70歳以上,1050～1100万円,1071.8,万円
年間収入額,30～39,1100～1150万円,1117.8,万円
年間収入額,40～49,1100～1150万円,1116.4,万円
年間収入額,50～59,1100～1150万円,1118.2,万円
年間収入額,60～69,1100～1150万円,1121.5,万円
年間収入額,70歳以上,1100～1150万円,1121.7,万円
年間収入額,30～39,1150～1200万円,1166.3,万円
年間収入額,40～49,1150～1200万円,1168.0,万円
年間収入額,50～59,1150～1200万円,1169.6,万円
年間収入額,60～69,1150～1200万円,1171.9,万円
年間収入額,70歳以上,1150～1200万円,1174.2,万円
年間収入額,30歳未満,1200～1250万円,1204.1,万円
年間収入額,30～39,1200～1250万円,1218.7,万円
年間収入額,40～49,1200～1250万円,1214.3,万円
年間収入額,50～59,1200～1250万円,1217.0,万円
年間収入額,60～69,1200～1250万円,1223.0,万円
年間収入額,70歳以上,1200～1250万円,1225.9,万円
年間収入額,30～39,1250～1300万円,1270.9,万円
年間収入額,40～49,1250～1300万円,1267.5,万円
年間収入額,50～59,1250～1300万円,1271.2,万円
年間収入額,60～69,1250～1300万円,1274.3,万円
年間収入額,70歳以上,1250～1300万円,1273.4,万円
年間収入額,30歳未満,1300～1350万円,1335.5,万円
年間収入額,30～39,1300～1350万円,1308.6,万円
年間収入額,40～49,1300～1350万円,1315.9,万円
年間収入額,50～59,1300～1350万円,1316.0,万円
年間収入額,60～69,1300～1350万円,1321.6,万円
年間収入額,70歳以上,1300～1350万円,1321.6,万円
年間収入額,30～39,1350～1400万円,1363.0,万円
年間収入額,40～49,1350～1400万円,1369.0,万円
年間収入額,50～59,1350～1400万円,1371.4,万円
年間収入額,60～69,1350～1400万円,1375.9,万円
年間収入額,70歳以上,1350～1400万円,1365.0,万円
年間収入額,30～39,1400～1450万円,1415.7,万円
年間収入額,40～49,1400～1450万円,1413.0,万円
年間収入額,50～59,1400～1450万円,1417.5,万円
年間収入額,60～69,1400～1450万円,1421.7,万円
年間収入額,70歳以上,1400～1450万円,1423.2,万円
年間収入額,30～39,1450～1500万円,1463.1,万円
年間収入額,40～49,1450～1500万円,1474.0,万円
年間収入額,50～59,1450～1500万円,1471.6,万円
年間収入額,60～69,1450～1500万円,1470.4,万円
年間収入額,70歳以上,1450～1500万円,1476.1,万円
年間収入額,30～39,1500～1550万円,1509.4,万円
年間収入額,40～49,1500～1550万円,1511.3,万円
年間収入額,50～59,1500～1550万円,1513.1,万円
年間収入額,60～69,1500～1550万円,1521.2,万円
年間収入額,70歳以上,1500～1550万円,1525.5,万円
年間収入額,30～39,1550～1600万円,1559.0,万円
年間収入額,40～49,1550～1600万円,1571.2,万円
年間収入額,50～59,1550～1600万円,1570.8,万円
年間収入額,60～69,1550～1600万円,1573.1,万円
年間収入額,70歳以上,1550～1600万円,1572.8,万円
年間収入額,30～39,1600～1650万円,1613.6,万円
年間収入額,40～49,1600～1650万円,1617.6,万円
年間収入額,50～59,1600～1650万円,1620.4,万円
年間収入額,60～69,1600～1650万円,1615.5,万円
年間収入額,70歳以上,1600～1650万円,1622.5,万円
年間収入額,30～39,1650～1700万円,1678.6,万円
年間収入額,40～49,1650～1700万円,1674.8,万円
年間収入額,50～59,1650～1700万円,1673.8,万円
年間収入額,60～69,1650～1700万円,1668.3,万円
年間収入額,70歳以上,1650～1700万円,1672.9,万円
年間収入額,30～39,1700～1750万円,1707.6,万円
年間収入額,40～49,1700～1750万円,1709.4,万円
年間収入額,50～59,1700～1750万円,1720.8,万円
年間収入額,60～69,1700～1750万円,1717.1,万円
年間収入額,70歳以上,1700～1750万円,1731.5,万円
年間収入額,30～39,1750～1800万円,1769.0,万円
年間収入額,40～49,1750～1800万円,1762.7,万円
年間収入額,50～59,1750～1800万円,1765.4,万円
年間収入額,60～69,1750～1800万円,1778.4,万円
年間収入額,70歳以上,1750～1800万円,1770.6,万円
年間収入額,30～39,1800～1850万円,1801.6,万円
年間収入額,40～49,1800～1850万円,1809.3,万円
年間収入額,50～59,1800～1850万円,1815.9,万円
年間収入額,60～69,1800～1850万円,1826.9,万円
年間収入額,70歳以上,1800～1850万円,1821.5,万円
年間収入額,40～49,1850～1900万円,1868.4,万円
年間収入額,50～59,1850～1900万円,1871.1,万円
年間収入額,60～69,1850～1900万円,1875.0,万円
年間収入額,70歳以上,1850～1900万円,1880.0,万円
年間収入額,30～39,1900～1950万円,1929.2,万円
年間収入額,40～49,1900～1950万円,1913.0,万円
年間収入額,50～59,1900～1950万円,1916.2,万円
年間収入額,60～69,1900～1950万円,1915.1,万円
年間収入額,70歳以上,1900～1950万円,1917.6,万円
年間収入額,40～49,1950～2000万円,1970.8,万円
年間収入額,50～59,1950～2000万円,1968.5,万円
年間収入額,60～69,1950～2000万円,1967.5,万円
年間収入額,70歳以上,1950～2000万円,1976.5,万円
年間収入額,30～39,2000万円以上,2682.6,万円
年間収入額,40～49,2000万円以上,2730.0,万円
年間収入額,50～59,2000万円以上,2730.4,万円
年間収入額,60～69,2000万円以上,2926.3,万円
年間収入額,70歳以上,2000万円以上,3192.3,万円
貯蓄現在高,30歳未満,平均,277.2,万円
貯蓄現在高,30～39,平均,574.5,万円
貯蓄現在高,40～49,平均,938.3,万円
貯蓄現在高,50～59,平均,1429.1,万円
貯蓄現在高,60～69,平均,2008.0,万円
貯蓄現在高,70歳以上,平均,1906.6,万円
貯蓄現在高,30歳未満,100万円未満,588.1,万円
貯蓄現在高,30～39,100万円未満,575.1,万円
貯蓄現在高,40～49,100万円未満,462.7,万円
貯蓄現在高,50～59,100万円未満,996.5,万円
貯蓄現在高,60～69,100万円未満,836.5,万円
貯蓄現在高,70歳以上,100万円未満,608.7,万円
貯蓄現在高,30歳未満,100～150万円,25.9,万円
貯蓄現在高,30～39,100～150万円,71.9,万円
貯蓄現在高,40～49,100～150万円,199.0,万円
貯蓄現在高,50～59,100～150万円,457.2,万円
貯蓄現在高,60～69,100～150万円,667.3,万円
貯蓄現在高,70歳以上,100～150万円,570.9,万円
貯蓄現在高,30歳未満,150～200万円,60.4,万円
貯蓄現在高,30～39,150～200万円,199.1,万円
貯蓄現在高,40～49,150～200万円,252.2,万円
貯蓄現在高,50～59,150～200万円,955.4,万円
貯蓄現在高,60～69,150～200万円,953.4,万円
貯蓄現在高,70歳以上,150～200万円,717.9,万円
貯蓄現在高,30歳未満,200～250万円,98.3,万円
貯蓄現在高,30～39,200～250万円,124.8,万円
貯蓄現在高,40～49,200～250万円,601.9,万円
貯蓄現在高,50～59,200～250万円,426.4,万円
貯蓄現在高,60～69,200～250万円,981.5,万円
貯蓄現在高,70歳以上,200～250万円,845.7,万円
貯蓄現在高,30歳未満,250～300万円,137.7,万円
貯蓄現在高,30～39,250～300万円,173.1,万円
貯蓄現在高,40～49,250～300万円,400.6,万円
貯蓄現在高,50～59,250～300万円,710.5,万円
貯蓄現在高,60～69,250～300万円,1301.1,万円
貯蓄現在高,70歳以上,250～300万円,1113.9,万円
貯蓄現在高,30歳未満,300～350万円,121.4,万円
貯蓄現在高,30～39,300～350万円,234.4,万円
貯蓄現在高,40～49,300～350万円,604.1,万円
貯蓄現在高,50～59,300～350万円,673.3,万円
貯蓄現在高,60～69,300～350万円,1396.9,万円
貯蓄現在高,70歳以上,300～350万円,1416.6,万円
貯蓄現在高,30歳未満,350～400万円,97.6,万円
貯蓄現在高,30～39,350～400万円,227.8,万円
貯蓄現在高,40～49,350～400万円,421.3,万円
貯蓄現在高,50～59,350～400万円,590.8,万円
貯蓄現在高,60～69,350～400万円,1464.6,万円
貯蓄現在高,70歳以上,350～400万円,1851.9,万円
貯蓄現在高,30歳未満,400～450万円,194.3,万円
貯蓄現在高,30～39,400～450万円,315.5,万円
貯蓄現在高,40～49,400～450万円,562.5,万円
貯蓄現在高,50～59,400～450万円,756.5,万円
貯蓄現在高,60～69,400～450万円,1713.9,万円
貯蓄現在高,70歳以上,400～450万円,1732.6,万円
貯蓄現在高,30歳未満,450～500万円,266.6,万円
貯蓄現在高,30～39,450～500万円,338.3,万円
貯蓄現在高,40～49,450～500万円,471.1,万円
貯蓄現在高,50～59,450～500万円,716.3,万円
貯蓄現在高,60～69,450～500万円,1731.6,万円
貯蓄現在高,70歳以上,450～500万円,1937.2,万円
貯蓄現在高,30歳未満,500～550万円,283.8,万円
貯蓄現在高,30～39,500～550万円,391.5,万円
貯蓄現在高,40～49,500～550万円,556.5,万円
貯蓄現在高,50～59,500～550万円,802.0,万円
貯蓄現在高,60～69,500～550万円,1620.4,万円
貯蓄現在高,70歳以上,500～550万円,2047.6,万円
貯蓄現在高,30歳未満,550～600万円,302.8,万円
貯蓄現在高,30～39,550～600万円,476.0,万円
貯蓄現在高,40～49,550～600万円,573.9,万円
貯蓄現在高,50～59,550～600万円,933.5,万円
貯蓄現在高,60～69,550～600万円,1748.9,万円
貯蓄現在高,70歳以上,550～600万円,2099.9,万円
貯蓄現在高,30歳未満,600～650万円,246.9,万円
貯蓄現在高,30～39,600～650万円,448.5,万円
貯蓄現在高,40～49,600～650万円,653.6,万円
貯蓄現在高,50～59,600～650万円,790.4,万円
貯蓄現在高,60～69,600～650万円,1800.6,万円
貯蓄現在高,70歳以上,600～650万円,2098.8,万円
貯蓄現在高,30歳未満,650～700万円,361.5,万円
貯蓄現在高,30～39,650～700万円,600.0,万円
貯蓄現在高,40～49,650～700万円,702.3,万円
貯蓄現在高,50～59,650～700万円,1056.5,万円
貯蓄現在高,60～69,650～700万円,1754.5,万円
貯蓄現在高,70歳以上,650～700万円,2427.8,万円
貯蓄現在高,30歳未満,700～750万円,312.2,万円
貯蓄現在高,30～39,700～750万円,648.0,万円
貯蓄現在高,40～49,700～750万円,769.2,万円
貯蓄現在高,50～59,700～750万円,1209.8,万円
貯蓄現在高,60～69,700～750万円,2153.7,万円
貯蓄現在高,70歳以上,700～750万円,2535.4,万円
貯蓄現在高,30歳未満,750～800万円,333.6,万円
貯蓄現在高,30～39,750～800万円,525.3,万円
貯蓄現在高,40～49,750～800万円,907.8,万円
貯蓄現在高,50～59,750～800万円,1094.0,万円
貯蓄現在高,60～69,750～800万円,2194.4,万円
貯蓄現在高,70歳以上,750～800万円,2571.2,万円
貯蓄現在高,30歳未満,800～850万円,629.7,万円
貯蓄現在高,30～39,800～850万円,770.5,万円
貯蓄現在高,40～49,800～850万円,976.8,万円
貯蓄現在高,50～59,800～850万円,1117.3,万円
貯蓄現在高,60～69,800～850万円,2319.7,万円
貯蓄現在高,70歳以上,800～850万円,3054.9,万円
貯蓄現在高,30歳未満,850～900万円,528.6,万円
貯蓄現在高,30～39,850～900万円,800.9,万円
貯蓄現在高,40～49,850～900万円,1090.0,万円
貯蓄現在高,50～59,850～900万円,1138.5,万円
貯蓄現在高,60～69,850～900万円,2356.3,万円
貯蓄現在高,70歳以上,850～900万円,2674.8,万円
貯蓄現在高,30歳未満,900～950万円,281.6,万円
貯蓄現在高,30～39,900～950万円,683.8,万円
貯蓄現在高,40～49,900～950万円,1178.9,万円
貯蓄現在高,50～59,900～950万円,1494.5,万円
貯蓄現在高,60～69,900～950万円,2411.3,万円
貯蓄現在高,70歳以上,900～950万円,2228.1,万円
貯蓄現在高,30歳未満,950～1000万円,290.7,万円
貯蓄現在高,30～39,950～1000万円,1119.6,万円
貯蓄現在高,40～49,950～1000万円,1074.7,万円
貯蓄現在高,50～59,950～1000万円,1472.2,万円
貯蓄現在高,60～69,950～1000万円,2551.7,万円
貯蓄現在高,70歳以上,950～1000万円,2673.1,万円
貯蓄現在高,30歳未満,1000～1050万円,738.5,万円
貯蓄現在高,30～39,1000～1050万円,837.1,万円
貯蓄現在高,40～49,1000～1050万円,1115.5,万円
貯蓄現在高,50～59,1000～1050万円,1761.6,万円
貯蓄現在高,60～69,1000～1050万円,2632.9,万円
貯蓄現在高,70歳以上,1000～1050万円,4054.3,万円
貯蓄現在高,30歳未満,1050～1100万円,668.9,万円
貯蓄現在高,30～39,1050～1100万円,1192.8,万円
貯蓄現在高,40～49,1050～1100万円,1730.1,万円
貯蓄現在高,50～59,1050～1100万円,1626.5,万円
貯蓄現在高,60～69,1050～1100万円,2245.2,万円
貯蓄現在高,70歳以上,1050～1100万円,3668.8,万円
貯蓄現在高,30～39,1100～1150万円,1266.4,万円
貯蓄現在高,40～49,1100～1150万円,1214.8,万円
貯蓄現在高,50～59,1100～1150万円,1694.9,万円
貯蓄現在高,60～69,1100～1150万円,2160.1,万円
貯蓄現在高,70歳以上,1100～1150万円,2986.1,万円
貯蓄現在高,30～39,1150～1200万円,1345.4,万円
貯蓄現在高,40～49,1150～1200万円,1209.7,万円
貯蓄現在高,50～59,1150～1200万円,1655.1,万円
貯蓄現在高,60～69,1150～1200万円,2625.2,万円
貯蓄現在高,70歳以上,1150～1200万円,3432.4,万円
貯蓄現在高,30歳未満,1200～1250万円,465.1,万円
貯蓄現在高,30～39,1200～1250万円,714.4,万円
貯蓄現在高,40～49,1200～1250万円,1643.9,万円
貯蓄現在高,50～59,1200～1250万円,1832.1,万円
貯蓄現在高,60～69,1200～1250万円,2514.6,万円
貯蓄現在高,70歳以上,1200～1250万円,2562.2,万円
貯蓄現在高,30～39,1250～1300万円,1335.5,万円
貯蓄現在高,40～49,1250～1300万円,1675.8,万円
貯蓄現在高,50～59,1250～1300万円,2734.0,万円
貯蓄現在高,60～69,1250～1300万円,3618.4,万円
貯蓄現在高,70歳以上,1250～1300万円,3926.7,万円
貯蓄現在高,30歳未満,1300～1350万円,534.1,万円
貯蓄現在高,30～39,1300～1350万円,1546.4,万円
貯蓄現在高,40～49,1300～1350万円,1428.9,万円
貯蓄現在高,50～59,1300～1350万円,2417.6,万円
貯蓄現在高,60～69,1300～1350万円,3046.0,万円
貯蓄現在高,70歳以上,1300～1350万円,3015.7,万円
貯蓄現在高,30～39,1350～1400万円,1910.9,万円
貯蓄現在高,40～49,1350～1400万円,1957.1,万円
貯蓄現在高,50～59,1350～1400万円,1984.3,万円
貯蓄現在高,60～69,1350～1400万円,3531.8,万円
貯蓄現在高,70歳以上,1350～1400万円,3519.9,万円
貯蓄現在高,30～39,1400～1450万円,1278.0,万円
貯蓄現在高,40～49,1400～1450万円,1847.0,万円
貯蓄現在高,50～59,1400～1450万円,2684.9,万円
貯蓄現在高,60～69,1400～1450万円,3410.6,万円
貯蓄現在高,70歳以上,1400～1450万円,4933.7,万円
貯蓄現在高,30～39,1450～1500万円,1365.8,万円
貯蓄現在高,40～49,1450～1500万円,2371.5,万円
貯蓄現在高,50～59,1450～1500万円,2407.7,万円
貯蓄現在高,60～69,1450～1500万円,4123.1,万円
貯蓄現在高,70歳以上,1450～1500万円,3561.2,万円
貯蓄現在高,30～39,1500～1550万円,1437.6,万円
貯蓄現在高,40～49,1500～1550万円,2370.8,万円
貯蓄現在高,50～59,1500～1550万円,2515.2,万円
貯蓄現在高,60～69,1500～1550万円,3874.4,万円
貯蓄現在高,70歳以上,1500～1550万円,3980.0,万円
貯蓄現在高,30～39,1550～1600万円,2366.0,万円
貯蓄現在高,40～49,1550～1600万円,2438.9,万円
貯蓄現在高,50～59,1550～1600万円,3125.1,万円
貯蓄現在高,60～69,1550～1600万円,3550.7,万円
貯蓄現在高,70歳以上,1550～1600万円,5840.5,万円
貯蓄現在高,30～39,1600～1650万円,1224.3,万円
貯蓄現在高,40～49,1600～1650万円,2912.3,万円
貯蓄現在高,50～59,1600～1650万円,4361.2,万円
貯蓄現在高,60～69,1600～1650万円,3533.7,万円
貯蓄現在高,70歳以上,1600～1650万円,5253.5,万円
貯蓄現在高,30～39,1650～1700万円,2066.4,万円
貯蓄現在高,40～49,1650～1700万円,2330.5,万円
貯蓄現在高,50～59,1650～1700万円,2595.4,万円
貯蓄現在高,60～69,1650～1700万円,3624.5,万円
貯蓄現在高,70歳以上,1650～1700万円,3891.1,万円
貯蓄現在高,30～39,1700～1750万円,1297.2,万円
貯蓄現在高,40～49,1700～1750万円,2620.1,万円
貯蓄現在高,50～59,1700～1750万円,3174.4,万円
貯蓄現在高,60～69,1700～1750万円,3456.9,万円
貯蓄現在高,70歳以上,1700～1750万円,4588.3,万円
貯蓄現在高,30～39,1750～1800万円,2213.8,万円
貯蓄現在高,40～49,1750～1800万円,2061.4,万円
貯蓄現在高,50～59,1750～1800万円,2583.9,万円
貯蓄現在高,60～69,1750～1800万円,3145.2,万円
貯蓄現在高,70歳以上,1750～1800万円,5012.7,万円
貯蓄現在高,30～39,1800～1850万円,2438.6,万円
貯蓄現在高,40～49,1800～1850万円,2577.0,万円
貯蓄現在高,50～59,1800～1850万円,2459.5,万円
貯蓄現在高,60～69,1800～1850万円,4709.2,万円
貯蓄現在高,70歳以上,1800～1850万円,8520.4,万円
貯蓄現在高,40～49,1850～1900万円,2240.9,万円
貯蓄現在高,50～59,1850～1900万円,5191.7,万円
貯蓄現在高,60～69,1850～1900万円,4965.8,万円
貯蓄現在高,70歳以上,1850～1900万円,14316.1,万円
貯蓄現在高,30～39,1900～1950万円,1241.3,万円
貯蓄現在高,40～49,1900～1950万円,1480.2,万円
貯蓄現在高,50～59,1900～1950万円,3200.2,万円
貯蓄現在高,60～69,1900～1950万円,2721.8,万円
貯蓄現在高,70歳以上,1900～1950万円,2925.0,万円
貯蓄現在高,40～49,1950～2000万円,2512.5,万円
貯蓄現在高,50～59,1950～2000万円,3315.0,万円
貯蓄現在高,60～69,1950～2000万円,8525.7,万円
貯蓄現在高,70歳以上,1950～2000万円,3465.2,万円
貯蓄現在高,30～39,2000万円以上,2919.0,万円
貯蓄現在高,40～49,2000万円以上,5145.2,万円
貯蓄現在高,50～59,2000万円以上,4025.9,万円
貯蓄現在高,60～69,2000万円以上,6606.4,万円
貯蓄現在高,70歳以上,2000万円以上,8322.3,万円
負債現在高,30歳未満,平均,553.4,万円
負債現在高,30～39,平均,1181.6,万円
負債現在高,40～49,平均,1105.5,万円
負債現在高,50～59,平均,689.8,万円
負債現在高,60～69,平均,333.6,万円
負債現在高,70歳以上,平均,192.6,万円
負債現在高,30歳未満,100万円未満,19.5,万円
負債現在高,30～39,100万円未満,124.7,万円
負債現在高,40～49,100万円未満,101.5,万円
負債現在高,50～59,100万円未満,151.3,万円
負債現在高,60～69,100万円未満,45.6,万円
負債現在高,70歳以上,100万円未満,9.5,万円
負債現在高,30歳未満,100～150万円,175.4,万円
負債現在高,30～39,100～150万円,113.1,万円
負債現在高,40～49,100～150万円,120.4,万円
負債現在高,50～59,100～150万円,81.7,万円
負債現在高,60～69,100～150万円,63.9,万円
負債現在高,70歳以上,100～150万円,10.5,万円
負債現在高,30歳未満,150～200万円,13.9,万円
負債現在高,30～39,150～200万円,103.1,万円
負債現在高,40～49,150～200万円,172.3,万円
負債現在高,50～59,150～200万円,73.6,万円
負債現在高,60～69,150～200万円,67.8,万円
負債現在高,70歳以上,150～200万円,75.8,万円
負債現在高,30歳未満,200～250万円,112.8,万円
負債現在高,30～39,200～250万円,160.5,万円
負債現在高,40～49,200～250万円,281.5,万円
負債現在高,50～59,200～250万円,130.0,万円
負債現在高,60～69,200～250万円,108.7,万円
負債現在高,70歳以上,200～250万円,12.7,万円
負債現在高,30歳未満,250～300万円,31.8,万円
負債現在高,30～39,250～300万円,220.5,万円
負債現在高,40～49,250～300万円,271.1,万円
負債現在高,50～59,250～300万円,264.1,万円
負債現在高,60～69,250～300万円,44.8,万円
負債現在高,70歳以上,250～300万円,30.4,万円
負債現在高,30歳未満,300～350万円,156.0,万円
負債現在高,30～39,300～350万円,413.8,万円
負債現在高,40～49,300～350万円,608.0,万円
負債現在高,50～59,300～350万円,359.4,万円
負債現在高,60～69,300～350万円,99.1,万円
負債現在高,70歳以上,300～350万円,28.7,万円
負債現在高,30歳未満,350～400万円,391.2,万円
負債現在高,30～39,350～400万円,701.1,万円
負債現在高,40～49,350～400万円,425.3,万円
負債現在高,50～59,350～400万円,235.2,万円
負債現在高,60～69,350～400万円,160.2,万円
負債現在高,70歳以上,350～400万円,49.0,万円
負債現在高,30歳未満,400～450万円,819.6,万円
負債現在高,30～39,400～450万円,927.6,万円
負債現在高,40～49,400～450万円,557.1,万円
負債現在高,50～59,400～450万円,390.2,万円
負債現在高,60～69,400～450万円,128.9,万円
負債現在高,70歳以上,400～450万円,55.4,万円
負債現在高,30歳未満,450～500万円,738.2,万円
負債現在高,30～39,450～500万円,1003.8,万円
負債現在高,40～49,450～500万円,839.8,万円
負債現在高,50～59,450～500万円,569.3,万円
負債現在高,60～69,450～500万円,147.6,万円
負債現在高,70歳以上,450～500万円,122.8,万円
負債現在高,30歳未満,500～550万円,999.0,万円
負債現在高,30～39,500～550万円,1107.8,万円
負債現在高,40～49,500～550万円,850.1,万円
負債現在高,50～59,500～550万円,466.4,万円
負債現在高,60～69,500～550万円,272.9,万円
負債現在高,70歳以上,500～550万円,140.2,万円
負債現在高,30歳未満,550～600万円,809.6,万円
負債現在高,30～39,550～600万円,1229.1,万円
負債現在高,40～49,550～600万円,1047.1,万円
負債現在高,50～59,550～600万円,485.5,万円
負債現在高,60～69,550～600万円,268.9,万円
負債現在高,70歳以上,550～600万円,152.4,万円
負債現在高,30歳未満,600～650万円,476.3,万円
負債現在高,30～39,600～650万円,1308.9,万円
負債現在高,40～49,600～650万円,1164.8,万円
負債現在高,50～59,600～650万円,595.3,万円
負債現在高,60～69,600～650万円,262.3,万円
負債現在高,70歳以上,600～650万円,131.1,万円
負債現在高,30歳未満,650～700万円,523.8,万円
負債現在高,30～39,650～700万円,1331.5,万円
負債現在高,40～49,650～700万円,1097.5,万円
負債現在高,50～59,650～700万円,632.8,万円
負債現在高,60～69,650～700万円,224.3,万円
負債現在高,70歳以上,650～700万円,172.9,万円
負債現在高,30歳未満,700～750万円,520.8,万円
負債現在高,30～39,700～750万円,1384.8,万円
負債現在高,40～49,700～750万円,1050.7,万円
負債現在高,50～59,700～750万円,677.8,万円
負債現在高,60～69,700～750万円,319.9,万円
負債現在高,70歳以上,700～750万円,209.4,万円
負債現在高,30歳未満,750～800万円,361.3,万円
負債現在高,30～39,750～800万円,1449.1,万円
負債現在高,40～49,750～800万円,1222.2,万円
負債現在高,50～59,750～800万円,826.4,万円
負債現在高,60～69,750～800万円,309.5,万円
負債現在高,70歳以上,750～800万円,160.4,万円
負債現在高,30歳未満,800～850万円,850.1,万円
負債現在高,30～39,800～850万円,1339.5,万円
負債現在高,40～49,800～850万円,1270.7,万円
負債現在高,50～59,800～850万円,789.6,万円
負債現在高,60～69,800～850万円,290.2,万円
負債現在高,70歳以上,800～850万円,126.0,万円
負債現在高,30歳未満,850～900万円,581.8,万円
負債現在高,30～39,850～900万円,1342.4,万円
負債現在高,40～49,850～900万円,1371.9,万円
負債現在高,50～59,850～900万円,855.8,万円
負債現在高,60～69,850～900万円,593.3,万円
負債現在高,70歳以上,850～900万円,352.9,万円
負債現在高,30歳未満,900～950万円,488.9,万円
負債現在高,30～39,900～950万円,1672.1,万円
負債現在高,40～49,900～950万円,1532.7,万円
負債現在高,50～59,900～950万円,783.0,万円
負債現在高,60～69,900～950万円,315.8,万円
負債現在高,70歳以上,900～950万円,494.7,万円
負債現在高,30歳未満,950～1000万円,612.1,万円
負債現在高,30～39,950～1000万円,1511.2,万円
負債現在高,40～49,950～1000万円,1487.8,万円
負債現在高,50～59,950～1000万円,789.1,万円
負債現在高,60～69,950～1000万円,334.3,万円
負債現在高,70歳以上,950～1000万円,1170.4,万円
負債現在高,30歳未満,1000～1050万円,649.4,万円
負債現在高,30～39,1000～1050万円,1418.8,万円
負債現在高,40～49,1000～1050万円,1549.5,万円
負債現在高,50～59,1000～1050万円,691.5,万円
負債現在高,60～69,1000～1050万円,381.1,万円
負債現在高,70歳以上,1000～1050万円,186.4,万円
負債現在高,30歳未満,1050～1100万円,215.2,万円
負債現在高,30～39,1050～1100万円,1919.9,万円
負債現在高,40～49,1050～1100万円,1612.8,万円
負債現在高,50～59,1050～1100万円,735.8,万円
負債現在高,60～69,1050～1100万円,364.6,万円
負債現在高,70歳以上,1050～1100万円,571.8,万円
負債現在高,30～39,1100～1150万円,1970.0,万円
負債現在高,40～49,1100～1150万円,1444.1,万円
負債現在高,50～59,1100～1150万円,794.6,万円
負債現在高,60～69,1100～1150万円,645.1,万円
負債現在高,70歳以上,1100～1150万円,402.7,万円
負債現在高,30～39,1150～1200万円,2413.2,万円
負債現在高,40～49,1150～1200万円,1555.4,万円
負債現在高,50～59,1150～1200万円,1012.5,万円
負債現在高,60～69,1150～1200万円,476.7,万円
負債現在高,70歳以上,1150～1200万円,271.0,万円
負債現在高,30歳未満,1200～1250万円,2023.4,万円
負債現在高,30～39,1200～1250万円,1431.0,万円
負債現在高,40～49,1200～1250万円,1408.8,万円
負債現在高,50～59,1200～1250万円,1126.7,万円
負債現在高,60～69,1200～1250万円,376.0,万円
負債現在高,70歳以上,1200～1250万円,631.8,万円
負債現在高,30～39,1250～1300万円,2052.4,万円
負債現在高,40～49,1250～1300万円,1778.7,万円
負債現在高,50～59,1250～1300万円,1041.6,万円
負債現在高,60～69,1250～1300万円,406.7,万円
負債現在高,70歳以上,1250～1300万円,642.3,万円
負債現在高,30歳未満,1300～1350万円,89.7,万円
負債現在高,30～39,1300～1350万円,1956.4,万円
負債現在高,40～49,1300～1350万円,1860.6,万円
負債現在高,50～59,1300～1350万円,756.1,万円
負債現在高,60～69,1300～1350万円,705.4,万円
負債現在高,70歳以上,1300～1350万円,860.1,万円
負債現在高,30～39,1350～1400万円,1447.5,万円
負債現在高,40～49,1350～1400万円,1231.9,万円
負債現在高,50～59,1350～1400万円,567.6,万円
負債現在高,60～69,1350～1400万円,588.2,万円
負債現在高,70歳以上,1350～1400万円,568.4,万円
負債現在高,30～39,1400～1450万円,2432.8,万円
負債現在高,40～49,1400～1450万円,1304.2,万円
負債現在高,50～59,1400～1450万円,694.3,万円
負債現在高,60～69,1400～1450万円,893.4,万円
負債現在高,70歳以上,1400～1450万円,617.4,万円
負債現在高,30～39,1450～1500万円,2093.0,万円
負債現在高,40～49,1450～1500万円,3843.3,万円
負債現在高,50～59,1450～1500万円,972.3,万円
負債現在高,60～69,1450～1500万円,311.8,万円
負債現在高,70歳以上,1450～1500万円,924.3,万円
負債現在高,30～39,1500～1550万円,1510.2,万円
負債現在高,40～49,1500～1550万円,1408.6,万円
負債現在高,50～59,1500～1550万円,935.5,万円
負債現在高,60～69,1500～1550万円,1623.4,万円
負債現在高,70歳以上,1500～1550万円,1223.6,万円
負債現在高,30～39,1550～1600万円,1419.6,万円
負債現在高,40～49,1550～1600万円,1906.4,万円
負債現在高,50～59,1550～1600万円,917.0,万円
負債現在高,60～69,1550～1600万円,412.2,万円
負債現在高,70歳以上,1550～1600万円,1030.7,万円
負債現在高,30～39,1600～1650万円,2000.6,万円
負債現在高,40～49,1600～1650万円,2290.8,万円
負債現在高,50～59,1600～1650万円,898.1,万円
負債現在高,60～69,1600～1650万円,1690.5,万円
負債現在高,70歳以上,1600～1650万円,153.2,万円
負債現在高,30～39,1650～1700万円,1660.2,万円
負債現在高,40～49,1650～1700万円,2145.0,万円
負債現在高,50～59,1650～1700万円,866.7,万円
負債現在高,60～69,1650～1700万円,488.8,万円
負債現在高,70歳以上,1650～1700万円,930.8,万円
負債現在高,30～39,1700～1750万円,1141.5,万円
負債現在高,40～49,1700～1750万円,1988.1,万円
負債現在高,50～59,1700～1750万円,1160.8,万円
負債現在高,60～69,1700～1750万円,737.5,万円
負債現在高,70歳以上,1700～1750万円,269.1,万円
負債現在高,30～39,1750～1800万円,1187.6,万円
負債現在高,40～49,1750～1800万円,1589.1,万円
負債現在高,50～59,1750～1800万円,736.0,万円
負債現在高,60～69,1750～1800万円,348.0,万円
負債現在高,70歳以上,1750～1800万円,1426.0,万円
負債現在高,30～39,1800～1850万円,695.9,万円
負債現在高,40～49,1800～1850万円,1263.9,万円
負債現在高,50～59,1800～1850万円,828.3,万円
負債現在高,60～69,1800～1850万円,627.4,万円
負債現在高,70歳以上,1800～1850万円,296.8,万円
負債現在高,40～49,1850～1900万円,1971.8,万円
負債現在高,50～59,1850～1900万円,1131.3,万円
負債現在高,60～69,1850～1900万円,381.3,万円
負債現在高,70歳以上,1850～1900万円,1226.1,万円
負債現在高,30～39,1900～1950万円,1893.9,万円
負債現在高,40～49,1900～1950万円,714.5,万円
負債現在高,50～59,1900～1950万円,1812.6,万円
負債現在高,60～69,1900～1950万円,692.1,万円
負債現在高,70歳以上,1900～1950万円,1902.6,万円
負債現在高,40～49,1950～2000万円,1970.4,万円
負債現在高,50～59,1950～2000万円,1072.3,万円
負債現在高,60～69,1950～2000万円,947.9,万円
負債現在高,70歳以上,1950～2000万円,911.1,万円
負債現在高,30～39,2000万円以上,4219.5,万円
負債現在高,40～49,2000万円以上,2073.0,万円
負債現在高,50～59,2000万円以上,1721.7,万円
負債現在高,60～69,2000万円以上,3215.0,万円
負債現在高,70歳以上,2000万円以上,4852.4,万円
